annotation_item_id,annotation_source_id,source_idea_id,variant,variant_group,variant_definition,expected_quality_direction,source_text,variant_text,human_style_match_1_5,human_semantic_preservation_1_5,human_naturalness_1_5,human_content_quality_1_5,human_hallucination_safety_1_5,human_target_perturbation_success_true_false,human_overall_pass_true_false,human_brief_reason
HUMAN_SRC10_01_VAR01,HUMAN_SOURCE_01,R1_IDEA_070,A1_Identity,A_baseline_expression_control,Copy the source idea exactly,same,"Diffusion- and flow-based models have advanced real-world image super-resolution (Real-ISR), but their multi-step sampling makes inference slow and hard to deploy. One-step distillation alleviates the cost, yet often degrades restoration quality and removes the option to refine with more steps. We present Mean Flows for Super-Resolution (MFSR), a new distillation framework that produces photorealistic, high-fidelity results in a single step while still allowing an optional.","Diffusion- and flow-based models have advanced real-world image super-resolution (Real-ISR), but their multi-step sampling makes inference slow and hard to deploy. One-step distillation alleviates the cost, yet often degrades restoration quality and removes the option to refine with more steps. We present Mean Flows for Super-Resolution (MFSR), a new distillation framework that produces photorealistic, high-fidelity results in a single step while still allowing an optional.",5,5,3,4,5,True,True,The variant copies the source text and preserves the intended identity-control style.
HUMAN_SRC10_01_VAR02,HUMAN_SOURCE_01,R1_IDEA_070,A2_Paraphrase_Only,A_baseline_expression_control,Change wording and syntax while preserving meaning and information density,same,"Diffusion- and flow-based models have advanced real-world image super-resolution (Real-ISR), but their multi-step sampling makes inference slow and hard to deploy. One-step distillation alleviates the cost, yet often degrades restoration quality and removes the option to refine with more steps. We present Mean Flows for Super-Resolution (MFSR), a new distillation framework that produces photorealistic, high-fidelity results in a single step while still allowing an optional.","While diffusion and flow-based models have improved real-world image super-resolution (Real-ISR), their multi-step sampling leads to slow inference and deployment challenges. Single-step distillation reduces computational cost but typically compromises restoration quality and eliminates the possibility of iterative refinement. We introduce Mean Flows for Super-Resolution (MFSR), a distillation framework that achieves photorealistic, high-fidelity outputs in one step while preserving optional multi-step refinement.",5,5,5,5,5,True,True,The variant changes wording while retaining the central meaning and information scope.
HUMAN_SRC10_01_VAR03,HUMAN_SOURCE_01,R1_IDEA_070,A3_Plain_Core,A_baseline_expression_control,Remove rhetorical packaging while preserving neutral scientific core,same,"Diffusion- and flow-based models have advanced real-world image super-resolution (Real-ISR), but their multi-step sampling makes inference slow and hard to deploy. One-step distillation alleviates the cost, yet often degrades restoration quality and removes the option to refine with more steps. We present Mean Flows for Super-Resolution (MFSR), a new distillation framework that produces photorealistic, high-fidelity results in a single step while still allowing an optional.","Diffusion and flow-based models for real-world image super-resolution require multi-step sampling, which slows inference and complicates deployment. One-step distillation reduces cost but often lowers restoration quality and removes multi-step refinement capability. This work presents Mean Flows for Super-Resolution (MFSR), a distillation framework that produces photorealistic, high-fidelity results in one step while retaining optional refinement.",4,5,3,4,5,True,True,The variant removes rhetorical packaging and keeps the core scientific claim clear.
HUMAN_SRC10_01_VAR04,HUMAN_SOURCE_01,R1_IDEA_070,B1_Verbose_Elaborate,B_rhetoric_and_framing,Add explanatory context and connective phrasing without new facts,same,"Diffusion- and flow-based models have advanced real-world image super-resolution (Real-ISR), but their multi-step sampling makes inference slow and hard to deploy. One-step distillation alleviates the cost, yet often degrades restoration quality and removes the option to refine with more steps. We present Mean Flows for Super-Resolution (MFSR), a new distillation framework that produces photorealistic, high-fidelity results in a single step while still allowing an optional.","In the context of real-world image super-resolution, diffusion- and flow-based models have demonstrated significant advances; however, more specifically, their reliance on multi-step sampling procedures results in slow inference speeds and practical deployment difficulties. One-step distillation methods, in practical terms, alleviate this computational cost, yet they frequently degrade restoration quality and, importantly, remove the option to refine outputs with additional steps. We present Mean Flows for Super-Resolution (MFSR), a new distillation framework that, in this setting, produces photorealistic, high-fidelity results in a single step while still allowing an optional refinement process.",5,5,4,4,5,True,True,The variant adds explanatory phrasing while largely preserving the original substance.
HUMAN_SRC10_01_VAR05,HUMAN_SOURCE_01,R1_IDEA_070,B2_Grand_Narrative,B_rhetoric_and_framing,Add cautious field-level significance and long-term framing,same,"Diffusion- and flow-based models have advanced real-world image super-resolution (Real-ISR), but their multi-step sampling makes inference slow and hard to deploy. One-step distillation alleviates the cost, yet often degrades restoration quality and removes the option to refine with more steps. We present Mean Flows for Super-Resolution (MFSR), a new distillation framework that produces photorealistic, high-fidelity results in a single step while still allowing an optional.","Diffusion- and flow-based models have advanced real-world image super-resolution (Real-ISR), but their multi-step sampling makes inference slow and hard to deploy. One-step distillation alleviates the cost, yet often degrades restoration quality and removes the option to refine with more steps. This work may inform broader efforts toward efficient generative models in computational imaging. We present Mean Flows for Super-Resolution (MFSR), a new distillation framework that produces photorealistic, high-fidelity results in a single step while still allowing an optional refinement, potentially contributing to long-term goals of balancing quality and efficiency in image restoration.",5,4,4,4,4,True,True,The variant introduces broader field-level framing without major semantic drift.
HUMAN_SRC10_01_VAR06,HUMAN_SOURCE_01,R1_IDEA_070,B3_Over_Confident,B_rhetoric_and_framing,Increase certainty through tone only,same,"Diffusion- and flow-based models have advanced real-world image super-resolution (Real-ISR), but their multi-step sampling makes inference slow and hard to deploy. One-step distillation alleviates the cost, yet often degrades restoration quality and removes the option to refine with more steps. We present Mean Flows for Super-Resolution (MFSR), a new distillation framework that produces photorealistic, high-fidelity results in a single step while still allowing an optional.","Diffusion- and flow-based models have clearly advanced real-world image super-resolution (Real-ISR), but their multi-step sampling makes inference slow and hard to deploy. One-step distillation alleviates the cost, yet undoubtedly degrades restoration quality and removes the option to refine with more steps. We firmly present Mean Flows for Super-Resolution (MFSR), a new distillation framework that produces photorealistic, high-fidelity results in a single step while still allowing an optional refinement.",5,4,4,4,4,True,True,The variant increases certainty and assertiveness while keeping the main idea recognizable.
HUMAN_SRC10_01_VAR07,HUMAN_SOURCE_01,R1_IDEA_070,B4_Novelty,B_rhetoric_and_framing,Emphasize novelty or underexplored angle without unsupported first-ever claims,same,"Diffusion- and flow-based models have advanced real-world image super-resolution (Real-ISR), but their multi-step sampling makes inference slow and hard to deploy. One-step distillation alleviates the cost, yet often degrades restoration quality and removes the option to refine with more steps. We present Mean Flows for Super-Resolution (MFSR), a new distillation framework that produces photorealistic, high-fidelity results in a single step while still allowing an optional.","Diffusion- and flow-based models have advanced real-world image super-resolution (Real-ISR), but their multi-step sampling makes inference slow and hard to deploy. One-step distillation alleviates the cost, yet often degrades restoration quality and removes the option to refine with more steps. From a novel perspective, we present Mean Flows for Super-Resolution (MFSR), a new distillation framework that offers a fresh direction by producing photorealistic, high-fidelity results in a single step while still allowing an optional refinement, addressing an underexplored angle in efficiency-quality trade-offs.",5,4,5,4,4,True,True,The variant emphasizes novelty and underexplored aspects in line with the target style.
HUMAN_SRC10_01_VAR08,HUMAN_SOURCE_01,R1_IDEA_070,B5_Application_Impact,B_rhetoric_and_framing,Emphasize conditional potential application relevance,same,"Diffusion- and flow-based models have advanced real-world image super-resolution (Real-ISR), but their multi-step sampling makes inference slow and hard to deploy. One-step distillation alleviates the cost, yet often degrades restoration quality and removes the option to refine with more steps. We present Mean Flows for Super-Resolution (MFSR), a new distillation framework that produces photorealistic, high-fidelity results in a single step while still allowing an optional.","Diffusion- and flow-based models have advanced real-world image super-resolution (Real-ISR), but their multi-step sampling makes inference slow and hard to deploy. One-step distillation alleviates the cost, yet often degrades restoration quality and removes the option to refine with more steps. We present Mean Flows for Super-Resolution (MFSR), a new distillation framework that produces photorealistic, high-fidelity results in a single step while still allowing an optional refinement. This approach may support practical systems requiring fast, high-quality image enhancement and could inform deployed workflows in media processing and computational photography.",5,4,4,4,4,True,True,The variant highlights possible application value while maintaining the original idea.
HUMAN_SRC10_01_VAR09,HUMAN_SOURCE_01,R1_IDEA_070,C1_Hollow_Shell,C_substance_and_logic,"Preserve academic appearance while weakening mechanisms, variables, and testable specifics",down,"Diffusion- and flow-based models have advanced real-world image super-resolution (Real-ISR), but their multi-step sampling makes inference slow and hard to deploy. One-step distillation alleviates the cost, yet often degrades restoration quality and removes the option to refine with more steps. We present Mean Flows for Super-Resolution (MFSR), a new distillation framework that produces photorealistic, high-fidelity results in a single step while still allowing an optional.","Advanced generative models have improved image enhancement tasks, but their iterative nature creates efficiency challenges. Simplified approaches reduce cost but often sacrifice output quality and flexibility. We introduce a new research framework that achieves high-quality results in one step while maintaining optional refinement capabilities for the target setting.",4,3,4,2,4,True,True,The variant weakens specific mechanisms and testable details while retaining academic surface form.
HUMAN_SRC10_01_VAR10,HUMAN_SOURCE_01,R1_IDEA_070,C2_Logic_Flawed,C_substance_and_logic,Introduce exactly one mild local logic flaw while preserving most substance,down,"Diffusion- and flow-based models have advanced real-world image super-resolution (Real-ISR), but their multi-step sampling makes inference slow and hard to deploy. One-step distillation alleviates the cost, yet often degrades restoration quality and removes the option to refine with more steps. We present Mean Flows for Super-Resolution (MFSR), a new distillation framework that produces photorealistic, high-fidelity results in a single step while still allowing an optional.","Diffusion- and flow-based models have advanced real-world image super-resolution (Real-ISR), but their multi-step sampling makes inference slow and hard to deploy. One-step distillation alleviates the cost, yet often degrades restoration quality and removes the option to refine with more steps. We present Mean Flows for Super-Resolution (MFSR), a new distillation framework that produces photorealistic, high-fidelity results in a single step while still allowing an optional refinement, therefore suggesting broader effectiveness across related image restoration settings.",4,3,5,2,3,True,True,The variant contains a local reasoning weakness while preserving much of the source content.
HUMAN_SRC10_01_VAR11,HUMAN_SOURCE_01,R1_IDEA_070,C3_Substance_Enriched,C_substance_and_logic,"Add plausible hypotheses, variables, validation paths, or boundary conditions as hypotheses",up,"Diffusion- and flow-based models have advanced real-world image super-resolution (Real-ISR), but their multi-step sampling makes inference slow and hard to deploy. One-step distillation alleviates the cost, yet often degrades restoration quality and removes the option to refine with more steps. We present Mean Flows for Super-Resolution (MFSR), a new distillation framework that produces photorealistic, high-fidelity results in a single step while still allowing an optional.","Diffusion- and flow-based models have advanced real-world image super-resolution (Real-ISR), but their multi-step sampling makes inference slow and hard to deploy. One-step distillation alleviates the cost, yet often degrades restoration quality and removes the option to refine with more steps. We present Mean Flows for Super-Resolution (MFSR), a new distillation framework that produces photorealistic, high-fidelity results in a single step while still allowing an optional refinement. A possible mechanism hypothesis is that the framework could leverage latent space regularization to preserve detail. Validation might involve testing on diverse corruption types, and boundary conditions could include computational resource limits during refinement steps.",5,4,4,5,4,True,True,The variant adds plausible hypotheses and validation details that enrich the original idea.
HUMAN_SRC10_01_VAR12,HUMAN_SOURCE_01,R1_IDEA_070,H1_Deceptive_Hollow,H_hybrid_mixed_perturbations,Combine hollowed substance with stronger rhetorical framing; expected quality decreases,down,"Diffusion- and flow-based models have advanced real-world image super-resolution (Real-ISR), but their multi-step sampling makes inference slow and hard to deploy. One-step distillation alleviates the cost, yet often degrades restoration quality and removes the option to refine with more steps. We present Mean Flows for Super-Resolution (MFSR), a new distillation framework that produces photorealistic, high-fidelity results in a single step while still allowing an optional.","Advanced generative models have improved image enhancement tasks, but their iterative nature creates efficiency challenges. Simplified approaches reduce cost but often sacrifice output quality and flexibility. We introduce a new research framework that achieves high-quality results in one step while maintaining optional refinement capabilities for the target setting. Framed as a novel and potentially field-shaping agenda for the relevant research area, this direction elevates the problem into a broader framework for robust, adaptive, and high-impact scientific systems. Its central promise is to connect conceptual insight, methodological ambition, and application relevance into a unified pathway that could reshape how the community thinks about this class of problems. The contribution is positioned less as a narrow technical adjustment and more as a transformative synthesis with substantial potential for future research.",4,2,4,3,3,True,True,The variant combines reduced substance with stronger rhetorical presentation as intended.
HUMAN_SRC10_01_VAR13,HUMAN_SOURCE_01,R1_IDEA_070,H2_Confident_Flaw,H_hybrid_mixed_perturbations,Combine overconfident framing with a local logic flaw; expected quality decreases,down,"Diffusion- and flow-based models have advanced real-world image super-resolution (Real-ISR), but their multi-step sampling makes inference slow and hard to deploy. One-step distillation alleviates the cost, yet often degrades restoration quality and removes the option to refine with more steps. We present Mean Flows for Super-Resolution (MFSR), a new distillation framework that produces photorealistic, high-fidelity results in a single step while still allowing an optional.","Diffusion- and flow-based models have advanced real-world image super-resolution (Real-ISR), but their multi-step sampling makes inference slow and hard to deploy. One-step distillation alleviates the cost, yet often degrades restoration quality and removes the option to refine with more steps. We present Mean Flows for Super-Resolution (MFSR), a new distillation framework that produces photorealistic, high-fidelity results in a single step while still allowing an optional refinement, therefore suggesting broader effectiveness across related image restoration settings. This argument clearly establishes the key mechanism, because solving the highlighted limitation will necessarily produce reliable improvements across the full target setting. Since the proposed approach addresses the most visible weakness in existing work, the resulting gains can be confidently treated as causal evidence for the method's general superiority, without separately isolating dataset composition, evaluation criteria, boundary cases, or alternative explanations.",4,3,4,2,3,False,False,The variant combines confident framing with a detectable logic flaw as intended.
HUMAN_SRC10_01_VAR14,HUMAN_SOURCE_01,R1_IDEA_070,H3_Verbose_Enriched,H_hybrid_mixed_perturbations,Combine verbose elaboration with substantive enrichment; expected quality increases,up,"Diffusion- and flow-based models have advanced real-world image super-resolution (Real-ISR), but their multi-step sampling makes inference slow and hard to deploy. One-step distillation alleviates the cost, yet often degrades restoration quality and removes the option to refine with more steps. We present Mean Flows for Super-Resolution (MFSR), a new distillation framework that produces photorealistic, high-fidelity results in a single step while still allowing an optional.","Diffusion- and flow-based models have advanced real-world image super-resolution (Real-ISR), but their multi-step sampling makes inference slow and hard to deploy. One-step distillation alleviates the cost, yet often degrades restoration quality and removes the option to refine with more steps. We present Mean Flows for Super-Resolution (MFSR), a new distillation framework that produces photorealistic, high-fidelity results in a single step while still allowing an optional refinement. A possible mechanism hypothesis is that the framework could leverage latent space regularization to preserve detail. Validation might involve testing on diverse corruption types, and boundary conditions could include computational resource limits during refinement steps. More specifically, the study could make the claim more testable through a staged design: first defining baseline and intervention conditions, then pre-specifying primary and secondary evaluation criteria, and finally comparing outcomes across representative easy, difficult, and boundary cases. It should include ablations that remove the proposed mechanism, sensitivity analyses for noisy or sparse inputs, and error analysis of cases where the method fails. This design would clarify not only whether the approach improves outcomes, but also which assumptions, data regimes, and domain constraints determine when and why it is useful.",4,4,5,5,4,True,True,The variant adds both elaboration and substantive details while keeping the source idea aligned.
HUMAN_SRC10_01_VAR15,HUMAN_SOURCE_01,R1_IDEA_070,H4_Ultimate_Hype,H_hybrid_mixed_perturbations,Add strong hype-style framing while mostly preserving substance; expected quality is style-driven,same,"Diffusion- and flow-based models have advanced real-world image super-resolution (Real-ISR), but their multi-step sampling makes inference slow and hard to deploy. One-step distillation alleviates the cost, yet often degrades restoration quality and removes the option to refine with more steps. We present Mean Flows for Super-Resolution (MFSR), a new distillation framework that produces photorealistic, high-fidelity results in a single step while still allowing an optional.","Diffusion- and flow-based models have advanced real-world image super-resolution (Real-ISR), but their multi-step sampling makes inference slow and hard to deploy. One-step distillation alleviates the cost, yet often degrades restoration quality and removes the option to refine with more steps. We present Mean Flows for Super-Resolution (MFSR), a new distillation framework that produces photorealistic, high-fidelity results in a single step while still allowing an optional. Presented as a bold and potentially transformative research agenda, this work could redefine the frontier of the relevant research area by turning an underexplored technical challenge into a high-impact opportunity for scientific and practical breakthroughs. Its novelty, ambition, and application potential position it as a compelling pathway toward more powerful, trustworthy, and broadly deployable systems, with implications that may extend well beyond the immediate problem setting.",5,5,4,3,4,True,True,The variant strongly amplifies impact-oriented rhetoric while mostly preserving the source idea.
HUMAN_SRC10_02_VAR01,HUMAN_SOURCE_02,R1_IDEA_075,A1_Identity,A_baseline_expression_control,Copy the source idea exactly,same,"Machine unlearning (MU) aims to remove the influence of specific data from trained models, addressing privacy concerns and ensuring compliance with regulations such as the ""right to be forgotten."" Evaluating strong unlearning, where the unlearned model is indistinguishable from one retrained without the forgetting data, remains a significant challenge in deep neural networks (DNNs). Common black-box metrics, such as variants of membership inference attacks and.","Machine unlearning (MU) aims to remove the influence of specific data from trained models, addressing privacy concerns and ensuring compliance with regulations such as the ""right to be forgotten."" Evaluating strong unlearning, where the unlearned model is indistinguishable from one retrained without the forgetting data, remains a significant challenge in deep neural networks (DNNs). Common black-box metrics, such as variants of membership inference attacks and.",5,5,4,4,5,True,True,The variant copies the source text and preserves the intended identity-control style.
HUMAN_SRC10_02_VAR02,HUMAN_SOURCE_02,R1_IDEA_075,A2_Paraphrase_Only,A_baseline_expression_control,Change wording and syntax while preserving meaning and information density,same,"Machine unlearning (MU) aims to remove the influence of specific data from trained models, addressing privacy concerns and ensuring compliance with regulations such as the ""right to be forgotten."" Evaluating strong unlearning, where the unlearned model is indistinguishable from one retrained without the forgetting data, remains a significant challenge in deep neural networks (DNNs). Common black-box metrics, such as variants of membership inference attacks and.","Machine unlearning (MU) seeks to eliminate the impact of particular data from trained models, which responds to privacy issues and helps meet regulatory requirements like the 'right to be forgotten.' Assessing strong unlearning, where the unlearned model cannot be differentiated from a model retrained excluding the data to be forgotten, continues to pose a major difficulty for deep neural networks (DNNs). Typical black-box metrics, including variations of membership inference attacks and.",4,5,5,4,5,True,True,The variant changes wording while retaining the central meaning and information scope.
HUMAN_SRC10_02_VAR03,HUMAN_SOURCE_02,R1_IDEA_075,A3_Plain_Core,A_baseline_expression_control,Remove rhetorical packaging while preserving neutral scientific core,same,"Machine unlearning (MU) aims to remove the influence of specific data from trained models, addressing privacy concerns and ensuring compliance with regulations such as the ""right to be forgotten."" Evaluating strong unlearning, where the unlearned model is indistinguishable from one retrained without the forgetting data, remains a significant challenge in deep neural networks (DNNs). Common black-box metrics, such as variants of membership inference attacks and.","Machine unlearning removes specific data influence from trained models to address privacy concerns and regulatory compliance such as the right to be forgotten. Evaluating strong unlearning, where the unlearned model matches one retrained without the forgetting data, remains challenging in deep neural networks. Common black-box metrics include variants of membership inference attacks and.",4,5,5,5,5,True,True,The variant removes rhetorical packaging and keeps the core scientific claim clear.
HUMAN_SRC10_02_VAR04,HUMAN_SOURCE_02,R1_IDEA_075,B1_Verbose_Elaborate,B_rhetoric_and_framing,Add explanatory context and connective phrasing without new facts,same,"Machine unlearning (MU) aims to remove the influence of specific data from trained models, addressing privacy concerns and ensuring compliance with regulations such as the ""right to be forgotten."" Evaluating strong unlearning, where the unlearned model is indistinguishable from one retrained without the forgetting data, remains a significant challenge in deep neural networks (DNNs). Common black-box metrics, such as variants of membership inference attacks and.","Machine unlearning, more specifically, aims to remove the influence of specific data from trained models, thereby addressing privacy concerns and ensuring compliance with regulations such as the 'right to be forgotten.' In this context, evaluating strong unlearning, where the unlearned model is indistinguishable from one retrained without the forgetting data, remains a significant challenge in deep neural networks. Common black-box metrics, for instance, include variants of membership inference attacks and.",5,5,4,4,5,True,True,The variant adds explanatory phrasing while largely preserving the original substance.
HUMAN_SRC10_02_VAR05,HUMAN_SOURCE_02,R1_IDEA_075,B2_Grand_Narrative,B_rhetoric_and_framing,Add cautious field-level significance and long-term framing,same,"Machine unlearning (MU) aims to remove the influence of specific data from trained models, addressing privacy concerns and ensuring compliance with regulations such as the ""right to be forgotten."" Evaluating strong unlearning, where the unlearned model is indistinguishable from one retrained without the forgetting data, remains a significant challenge in deep neural networks (DNNs). Common black-box metrics, such as variants of membership inference attacks and.","Machine unlearning (MU) aims to remove the influence of specific data from trained models, addressing privacy concerns and ensuring compliance with regulations such as the 'right to be forgotten.' This direction may inform broader research on trustworthy and adaptable machine learning systems. Evaluating strong unlearning, where the unlearned model is indistinguishable from one retrained without the forgetting data, remains a significant challenge in deep neural networks (DNNs), potentially contributing to long-term efforts in model transparency and control. Common black-box metrics, such as variants of membership inference attacks and.",5,4,4,4,4,True,True,The variant introduces broader field-level framing without major semantic drift.
HUMAN_SRC10_02_VAR06,HUMAN_SOURCE_02,R1_IDEA_075,B3_Over_Confident,B_rhetoric_and_framing,Increase certainty through tone only,same,"Machine unlearning (MU) aims to remove the influence of specific data from trained models, addressing privacy concerns and ensuring compliance with regulations such as the ""right to be forgotten."" Evaluating strong unlearning, where the unlearned model is indistinguishable from one retrained without the forgetting data, remains a significant challenge in deep neural networks (DNNs). Common black-box metrics, such as variants of membership inference attacks and.","Machine unlearning (MU) clearly aims to remove the influence of specific data from trained models, directly addressing privacy concerns and ensuring compliance with regulations such as the 'right to be forgotten.' Evaluating strong unlearning, where the unlearned model is unmistakably indistinguishable from one retrained without the forgetting data, remains a significant challenge in deep neural networks (DNNs). Common black-box metrics, such as variants of membership inference attacks and.",4,5,4,3,4,True,True,The variant increases certainty and assertiveness while keeping the main idea recognizable.
HUMAN_SRC10_02_VAR07,HUMAN_SOURCE_02,R1_IDEA_075,B4_Novelty,B_rhetoric_and_framing,Emphasize novelty or underexplored angle without unsupported first-ever claims,same,"Machine unlearning (MU) aims to remove the influence of specific data from trained models, addressing privacy concerns and ensuring compliance with regulations such as the ""right to be forgotten."" Evaluating strong unlearning, where the unlearned model is indistinguishable from one retrained without the forgetting data, remains a significant challenge in deep neural networks (DNNs). Common black-box metrics, such as variants of membership inference attacks and.","Machine unlearning (MU) offers a novel perspective on removing the influence of specific data from trained models, addressing privacy concerns and ensuring compliance with regulations such as the 'right to be forgotten.' Evaluating strong unlearning, where the unlearned model is indistinguishable from one retrained without the forgetting data, presents an underexplored challenge in deep neural networks (DNNs). This fresh framing highlights the need for new directions in assessment, where common black-box metrics, such as variants of membership inference attacks and.",5,5,4,4,4,True,True,The variant emphasizes novelty and underexplored aspects in line with the target style.
HUMAN_SRC10_02_VAR08,HUMAN_SOURCE_02,R1_IDEA_075,B5_Application_Impact,B_rhetoric_and_framing,Emphasize conditional potential application relevance,same,"Machine unlearning (MU) aims to remove the influence of specific data from trained models, addressing privacy concerns and ensuring compliance with regulations such as the ""right to be forgotten."" Evaluating strong unlearning, where the unlearned model is indistinguishable from one retrained without the forgetting data, remains a significant challenge in deep neural networks (DNNs). Common black-box metrics, such as variants of membership inference attacks and.","Machine unlearning (MU) aims to remove the influence of specific data from trained models, addressing privacy concerns and ensuring compliance with regulations such as the 'right to be forgotten.' This could inform practical systems requiring data removal in deployed workflows. Evaluating strong unlearning, where the unlearned model is indistinguishable from one retrained without the forgetting data, remains a significant challenge in deep neural networks (DNNs), and progress may support downstream decision-making in regulated applications. Common black-box metrics, such as variants of membership inference attacks and.",4,4,3,4,4,True,True,The variant highlights possible application value while maintaining the original idea.
HUMAN_SRC10_02_VAR09,HUMAN_SOURCE_02,R1_IDEA_075,C1_Hollow_Shell,C_substance_and_logic,"Preserve academic appearance while weakening mechanisms, variables, and testable specifics",down,"Machine unlearning (MU) aims to remove the influence of specific data from trained models, addressing privacy concerns and ensuring compliance with regulations such as the ""right to be forgotten."" Evaluating strong unlearning, where the unlearned model is indistinguishable from one retrained without the forgetting data, remains a significant challenge in deep neural networks (DNNs). Common black-box metrics, such as variants of membership inference attacks and.","Machine unlearning addresses the challenge of removing data influence from trained models for privacy and regulatory reasons. Evaluating this process, where the outcome matches a model trained without certain data, remains difficult in complex neural networks. Common evaluation approaches include certain attack-based metrics and.",5,3,4,2,3,True,True,The variant weakens specific mechanisms and testable details while retaining academic surface form.
HUMAN_SRC10_02_VAR10,HUMAN_SOURCE_02,R1_IDEA_075,C2_Logic_Flawed,C_substance_and_logic,Introduce exactly one mild local logic flaw while preserving most substance,down,"Machine unlearning (MU) aims to remove the influence of specific data from trained models, addressing privacy concerns and ensuring compliance with regulations such as the ""right to be forgotten."" Evaluating strong unlearning, where the unlearned model is indistinguishable from one retrained without the forgetting data, remains a significant challenge in deep neural networks (DNNs). Common black-box metrics, such as variants of membership inference attacks and.","Machine unlearning (MU) aims to remove the influence of specific data from trained models, addressing privacy concerns and ensuring compliance with regulations such as the 'right to be forgotten.' Evaluating strong unlearning, where the unlearned model is indistinguishable from one retrained without the forgetting data, remains a significant challenge in deep neural networks (DNNs), therefore suggesting broader effectiveness across related settings where data removal is needed. Common black-box metrics, such as variants of membership inference attacks and.",4,3,3,2,2,False,False,The variant contains a local reasoning weakness while preserving much of the source content.
HUMAN_SRC10_02_VAR11,HUMAN_SOURCE_02,R1_IDEA_075,C3_Substance_Enriched,C_substance_and_logic,"Add plausible hypotheses, variables, validation paths, or boundary conditions as hypotheses",up,"Machine unlearning (MU) aims to remove the influence of specific data from trained models, addressing privacy concerns and ensuring compliance with regulations such as the ""right to be forgotten."" Evaluating strong unlearning, where the unlearned model is indistinguishable from one retrained without the forgetting data, remains a significant challenge in deep neural networks (DNNs). Common black-box metrics, such as variants of membership inference attacks and.","Machine unlearning (MU) aims to remove the influence of specific data from trained models, addressing privacy concerns and ensuring compliance with regulations such as the 'right to be forgotten.' A possible mechanism hypothesis involves analyzing gradient-based updates to isolate data-specific contributions. Evaluating strong unlearning, where the unlearned model is indistinguishable from one retrained without the forgetting data, remains a significant challenge in deep neural networks (DNNs), and validation paths could test boundary conditions like model architecture variations or dataset distributions. Common black-box metrics, such as variants of membership inference attacks and.",4,4,4,5,5,True,True,The variant adds plausible hypotheses and validation details that enrich the original idea.
HUMAN_SRC10_02_VAR12,HUMAN_SOURCE_02,R1_IDEA_075,H1_Deceptive_Hollow,H_hybrid_mixed_perturbations,Combine hollowed substance with stronger rhetorical framing; expected quality decreases,down,"Machine unlearning (MU) aims to remove the influence of specific data from trained models, addressing privacy concerns and ensuring compliance with regulations such as the ""right to be forgotten."" Evaluating strong unlearning, where the unlearned model is indistinguishable from one retrained without the forgetting data, remains a significant challenge in deep neural networks (DNNs). Common black-box metrics, such as variants of membership inference attacks and.","Machine unlearning addresses the challenge of removing data influence from trained models for privacy and regulatory reasons. Evaluating this process, where the outcome matches a model trained without certain data, remains difficult in complex neural networks. Common evaluation approaches include certain attack-based metrics and. Framed as a novel and potentially field-shaping agenda for the relevant research area, this direction elevates the problem into a broader framework for robust, adaptive, and high-impact scientific systems. Its central promise is to connect conceptual insight, methodological ambition, and application relevance into a unified pathway that could reshape how the community thinks about this class of problems. The contribution is positioned less as a narrow technical adjustment and more as a transformative synthesis with substantial potential for future research.",4,1,4,2,4,True,True,The variant combines reduced substance with stronger rhetorical presentation as intended.
HUMAN_SRC10_02_VAR13,HUMAN_SOURCE_02,R1_IDEA_075,H2_Confident_Flaw,H_hybrid_mixed_perturbations,Combine overconfident framing with a local logic flaw; expected quality decreases,down,"Machine unlearning (MU) aims to remove the influence of specific data from trained models, addressing privacy concerns and ensuring compliance with regulations such as the ""right to be forgotten."" Evaluating strong unlearning, where the unlearned model is indistinguishable from one retrained without the forgetting data, remains a significant challenge in deep neural networks (DNNs). Common black-box metrics, such as variants of membership inference attacks and.","Machine unlearning (MU) aims to remove the influence of specific data from trained models, addressing privacy concerns and ensuring compliance with regulations such as the 'right to be forgotten.' Evaluating strong unlearning, where the unlearned model is indistinguishable from one retrained without the forgetting data, remains a significant challenge in deep neural networks (DNNs), therefore suggesting broader effectiveness across related settings where data removal is needed. Common black-box metrics, such as variants of membership inference attacks and. This argument clearly establishes the key mechanism, because solving the highlighted limitation will necessarily produce reliable improvements across the full target setting. Since the proposed approach addresses the most visible weakness in existing work, the resulting gains can be confidently treated as causal evidence for the method's general superiority, without separately isolating dataset composition, evaluation criteria, boundary cases, or alternative explanations.",4,4,4,2,3,True,True,The variant combines confident framing with a detectable logic flaw as intended.
HUMAN_SRC10_02_VAR14,HUMAN_SOURCE_02,R1_IDEA_075,H3_Verbose_Enriched,H_hybrid_mixed_perturbations,Combine verbose elaboration with substantive enrichment; expected quality increases,up,"Machine unlearning (MU) aims to remove the influence of specific data from trained models, addressing privacy concerns and ensuring compliance with regulations such as the ""right to be forgotten."" Evaluating strong unlearning, where the unlearned model is indistinguishable from one retrained without the forgetting data, remains a significant challenge in deep neural networks (DNNs). Common black-box metrics, such as variants of membership inference attacks and.","Machine unlearning (MU) aims to remove the influence of specific data from trained models, addressing privacy concerns and ensuring compliance with regulations such as the 'right to be forgotten.' A possible mechanism hypothesis involves analyzing gradient-based updates to isolate data-specific contributions. Evaluating strong unlearning, where the unlearned model is indistinguishable from one retrained without the forgetting data, remains a significant challenge in deep neural networks (DNNs), and validation paths could test boundary conditions like model architecture variations or dataset distributions. Common black-box metrics, such as variants of membership inference attacks and. More specifically, the study could make the claim more testable through a staged design: first defining baseline and intervention conditions, then pre-specifying primary and secondary evaluation criteria, and finally comparing outcomes across representative easy, difficult, and boundary cases. It should include ablations that remove the proposed mechanism, sensitivity analyses for noisy or sparse inputs, and error analysis of cases where the method fails. This design would clarify not only whether the approach improves outcomes, but also which assumptions, data regimes, and domain constraints determine when and why it is useful.",5,4,5,5,5,True,True,The variant adds both elaboration and substantive details while keeping the source idea aligned.
HUMAN_SRC10_02_VAR15,HUMAN_SOURCE_02,R1_IDEA_075,H4_Ultimate_Hype,H_hybrid_mixed_perturbations,Add strong hype-style framing while mostly preserving substance; expected quality is style-driven,same,"Machine unlearning (MU) aims to remove the influence of specific data from trained models, addressing privacy concerns and ensuring compliance with regulations such as the ""right to be forgotten."" Evaluating strong unlearning, where the unlearned model is indistinguishable from one retrained without the forgetting data, remains a significant challenge in deep neural networks (DNNs). Common black-box metrics, such as variants of membership inference attacks and.","Machine unlearning (MU) aims to remove the influence of specific data from trained models, addressing privacy concerns and ensuring compliance with regulations such as the ""right to be forgotten."" Evaluating strong unlearning, where the unlearned model is indistinguishable from one retrained without the forgetting data, remains a significant challenge in deep neural networks (DNNs). Common black-box metrics, such as variants of membership inference attacks and. Presented as a bold and potentially transformative research agenda, this work could redefine the frontier of the relevant research area by turning an underexplored technical challenge into a high-impact opportunity for scientific and practical breakthroughs. Its novelty, ambition, and application potential position it as a compelling pathway toward more powerful, trustworthy, and broadly deployable systems, with implications that may extend well beyond the immediate problem setting.",5,4,4,3,4,True,True,The variant strongly amplifies impact-oriented rhetoric while mostly preserving the source idea.
HUMAN_SRC10_03_VAR01,HUMAN_SOURCE_03,R1_IDEA_140,A1_Identity,A_baseline_expression_control,Copy the source idea exactly,same,"In fully decentralized machine learning (DL), Byzantine failures remain a fundamental challenge. Although Byzantine robust aggregation schemes have strengthened the resilience of DL against malicious updates, the decentralized nature of these systems, which requires clients to access each other’s model updates, makes them more vulnerable to inference attacks than traditional federated learning. This reveals a fundamental tension between robustness and privacy, highlighting the need for.","In fully decentralized machine learning (DL), Byzantine failures remain a fundamental challenge. Although Byzantine robust aggregation schemes have strengthened the resilience of DL against malicious updates, the decentralized nature of these systems, which requires clients to access each other’s model updates, makes them more vulnerable to inference attacks than traditional federated learning. This reveals a fundamental tension between robustness and privacy, highlighting the need for.",5,5,4,4,5,True,True,The variant copies the source text and preserves the intended identity-control style.
HUMAN_SRC10_03_VAR02,HUMAN_SOURCE_03,R1_IDEA_140,A2_Paraphrase_Only,A_baseline_expression_control,Change wording and syntax while preserving meaning and information density,same,"In fully decentralized machine learning (DL), Byzantine failures remain a fundamental challenge. Although Byzantine robust aggregation schemes have strengthened the resilience of DL against malicious updates, the decentralized nature of these systems, which requires clients to access each other’s model updates, makes them more vulnerable to inference attacks than traditional federated learning. This reveals a fundamental tension between robustness and privacy, highlighting the need for.","Byzantine failures continue to pose a core challenge in fully decentralized machine learning. While Byzantine-robust aggregation methods have improved the resistance of decentralized learning to malicious updates, the decentralized architecture—which necessitates that clients exchange model updates—increases susceptibility to inference attacks compared to conventional federated learning. This demonstrates an inherent conflict between robustness and privacy, underscoring a necessary focus on.",5,5,5,4,5,True,True,The variant changes wording while retaining the central meaning and information scope.
HUMAN_SRC10_03_VAR03,HUMAN_SOURCE_03,R1_IDEA_140,A3_Plain_Core,A_baseline_expression_control,Remove rhetorical packaging while preserving neutral scientific core,same,"In fully decentralized machine learning (DL), Byzantine failures remain a fundamental challenge. Although Byzantine robust aggregation schemes have strengthened the resilience of DL against malicious updates, the decentralized nature of these systems, which requires clients to access each other’s model updates, makes them more vulnerable to inference attacks than traditional federated learning. This reveals a fundamental tension between robustness and privacy, highlighting the need for.","In fully decentralized machine learning, Byzantine failures are a fundamental challenge. Byzantine-robust aggregation schemes increase resilience against malicious updates. However, the decentralized design requires clients to access each other's model updates, making these systems more vulnerable to inference attacks than traditional federated learning. This shows a tension between robustness and privacy, indicating a need for.",3,5,4,4,5,True,True,The variant removes rhetorical packaging and keeps the core scientific claim clear.
HUMAN_SRC10_03_VAR04,HUMAN_SOURCE_03,R1_IDEA_140,B1_Verbose_Elaborate,B_rhetoric_and_framing,Add explanatory context and connective phrasing without new facts,same,"In fully decentralized machine learning (DL), Byzantine failures remain a fundamental challenge. Although Byzantine robust aggregation schemes have strengthened the resilience of DL against malicious updates, the decentralized nature of these systems, which requires clients to access each other’s model updates, makes them more vulnerable to inference attacks than traditional federated learning. This reveals a fundamental tension between robustness and privacy, highlighting the need for.","In the context of fully decentralized machine learning, Byzantine failures represent a persistent and fundamental challenge. More specifically, although aggregation schemes designed for Byzantine robustness have strengthened the resilience of decentralized learning against malicious model updates, the decentralized nature of these systems introduces a distinct vulnerability. In practical terms, because this architecture requires clients to directly access each other’s model updates, it renders them more exposed to inference attacks than traditional federated learning setups. This situation reveals a core tension, namely between achieving robustness and preserving privacy, which consequently highlights a clear need for further attention.",4,5,4,4,4,True,True,The variant adds explanatory phrasing while largely preserving the original substance.
HUMAN_SRC10_03_VAR05,HUMAN_SOURCE_03,R1_IDEA_140,B2_Grand_Narrative,B_rhetoric_and_framing,Add cautious field-level significance and long-term framing,same,"In fully decentralized machine learning (DL), Byzantine failures remain a fundamental challenge. Although Byzantine robust aggregation schemes have strengthened the resilience of DL against malicious updates, the decentralized nature of these systems, which requires clients to access each other’s model updates, makes them more vulnerable to inference attacks than traditional federated learning. This reveals a fundamental tension between robustness and privacy, highlighting the need for.","Byzantine failures remain a fundamental challenge in fully decentralized machine learning, a problem that may inform long-term research directions for secure distributed AI. Although Byzantine robust aggregation schemes have strengthened resilience against malicious updates, the decentralized requirement for clients to access each other’s model updates increases vulnerability to inference attacks compared to traditional federated learning. This reveals a fundamental tension between robustness and privacy, highlighting a need that could contribute to broader scientific efforts in balancing security and data protection in collaborative learning systems.",5,5,4,4,4,True,True,The variant introduces broader field-level framing without major semantic drift.
HUMAN_SRC10_03_VAR06,HUMAN_SOURCE_03,R1_IDEA_140,B3_Over_Confident,B_rhetoric_and_framing,Increase certainty through tone only,same,"In fully decentralized machine learning (DL), Byzantine failures remain a fundamental challenge. Although Byzantine robust aggregation schemes have strengthened the resilience of DL against malicious updates, the decentralized nature of these systems, which requires clients to access each other’s model updates, makes them more vulnerable to inference attacks than traditional federated learning. This reveals a fundamental tension between robustness and privacy, highlighting the need for.","In fully decentralized machine learning, Byzantine failures undoubtedly remain a fundamental challenge. Although Byzantine robust aggregation schemes have firmly strengthened the resilience of DL against malicious updates, the decentralized nature of these systems, which requires clients to access each other’s model updates, clearly makes them more vulnerable to inference attacks than traditional federated learning. This reveals a fundamental tension between robustness and privacy, highlighting the need for.",5,4,4,3,4,True,True,The variant increases certainty and assertiveness while keeping the main idea recognizable.
HUMAN_SRC10_03_VAR07,HUMAN_SOURCE_03,R1_IDEA_140,B4_Novelty,B_rhetoric_and_framing,Emphasize novelty or underexplored angle without unsupported first-ever claims,same,"In fully decentralized machine learning (DL), Byzantine failures remain a fundamental challenge. Although Byzantine robust aggregation schemes have strengthened the resilience of DL against malicious updates, the decentralized nature of these systems, which requires clients to access each other’s model updates, makes them more vulnerable to inference attacks than traditional federated learning. This reveals a fundamental tension between robustness and privacy, highlighting the need for.","In fully decentralized machine learning, Byzantine failures remain a fundamental challenge, yet this problem opens a novel perspective when considering privacy trade-offs. Although Byzantine robust aggregation schemes have strengthened resilience against malicious updates, the decentralized architecture—requiring clients to access each other’s updates—presents a fresh framing of vulnerability, making these systems more exposed to inference attacks than traditional federated learning. This reveals an underexplored tension between robustness and privacy, highlighting a new direction for research that addresses this core conflict.",5,5,4,4,5,True,True,The variant emphasizes novelty and underexplored aspects in line with the target style.
HUMAN_SRC10_03_VAR08,HUMAN_SOURCE_03,R1_IDEA_140,B5_Application_Impact,B_rhetoric_and_framing,Emphasize conditional potential application relevance,same,"In fully decentralized machine learning (DL), Byzantine failures remain a fundamental challenge. Although Byzantine robust aggregation schemes have strengthened the resilience of DL against malicious updates, the decentralized nature of these systems, which requires clients to access each other’s model updates, makes them more vulnerable to inference attacks than traditional federated learning. This reveals a fundamental tension between robustness and privacy, highlighting the need for.","In fully decentralized machine learning, Byzantine failures remain a fundamental challenge, with implications that could inform the design of practical distributed AI systems. Although Byzantine robust aggregation schemes have strengthened resilience against malicious updates, the decentralized nature, which requires clients to access each other’s model updates, makes them more vulnerable to inference attacks than traditional federated learning. This reveals a fundamental tension between robustness and privacy, highlighting a need that may be relevant to guiding secure deployments in real-world collaborative learning environments.",5,4,4,4,4,True,True,The variant highlights possible application value while maintaining the original idea.
HUMAN_SRC10_03_VAR09,HUMAN_SOURCE_03,R1_IDEA_140,C1_Hollow_Shell,C_substance_and_logic,"Preserve academic appearance while weakening mechanisms, variables, and testable specifics",down,"In fully decentralized machine learning (DL), Byzantine failures remain a fundamental challenge. Although Byzantine robust aggregation schemes have strengthened the resilience of DL against malicious updates, the decentralized nature of these systems, which requires clients to access each other’s model updates, makes them more vulnerable to inference attacks than traditional federated learning. This reveals a fundamental tension between robustness and privacy, highlighting the need for.","In decentralized machine learning, a key challenge involves maintaining system integrity against unreliable components. While certain defensive approaches have improved resilience, the requirement for participants to share information introduces privacy concerns compared to other collaborative frameworks. This creates a conflict between two important objectives, pointing to a need for further investigation.",4,2,4,2,4,True,True,The variant weakens specific mechanisms and testable details while retaining academic surface form.
HUMAN_SRC10_03_VAR10,HUMAN_SOURCE_03,R1_IDEA_140,C2_Logic_Flawed,C_substance_and_logic,Introduce exactly one mild local logic flaw while preserving most substance,down,"In fully decentralized machine learning (DL), Byzantine failures remain a fundamental challenge. Although Byzantine robust aggregation schemes have strengthened the resilience of DL against malicious updates, the decentralized nature of these systems, which requires clients to access each other’s model updates, makes them more vulnerable to inference attacks than traditional federated learning. This reveals a fundamental tension between robustness and privacy, highlighting the need for.","In fully decentralized machine learning, Byzantine failures remain a fundamental challenge. Although Byzantine robust aggregation schemes have strengthened the resilience of DL against malicious updates, the decentralized nature of these systems, which requires clients to access each other’s model updates, makes them more vulnerable to inference attacks than traditional federated learning. This reveals a fundamental tension between robustness and privacy, which therefore suggests this issue is sufficient to guide security design across a wide range of distributed learning architectures.",4,2,5,2,3,True,True,The variant contains a local reasoning weakness while preserving much of the source content.
HUMAN_SRC10_03_VAR11,HUMAN_SOURCE_03,R1_IDEA_140,C3_Substance_Enriched,C_substance_and_logic,"Add plausible hypotheses, variables, validation paths, or boundary conditions as hypotheses",up,"In fully decentralized machine learning (DL), Byzantine failures remain a fundamental challenge. Although Byzantine robust aggregation schemes have strengthened the resilience of DL against malicious updates, the decentralized nature of these systems, which requires clients to access each other’s model updates, makes them more vulnerable to inference attacks than traditional federated learning. This reveals a fundamental tension between robustness and privacy, highlighting the need for.","In fully decentralized machine learning, Byzantine failures remain a fundamental challenge. Although Byzantine robust aggregation schemes have strengthened the resilience of DL against malicious updates, the decentralized nature of these systems, which requires clients to access each other’s model updates, makes them more vulnerable to inference attacks than traditional federated learning. This reveals a fundamental tension between robustness and privacy, highlighting the need for mechanisms that could, for instance, hypothesize a validation path using differential privacy or secure multi-party computation to bound information leakage. Potential testable variables might include the number of compromised clients and the sensitivity gradient of shared updates, defining boundary conditions for when privacy risks outweigh robustness gains.",5,4,4,5,3,True,True,The variant adds plausible hypotheses and validation details that enrich the original idea.
HUMAN_SRC10_03_VAR12,HUMAN_SOURCE_03,R1_IDEA_140,H1_Deceptive_Hollow,H_hybrid_mixed_perturbations,Combine hollowed substance with stronger rhetorical framing; expected quality decreases,down,"In fully decentralized machine learning (DL), Byzantine failures remain a fundamental challenge. Although Byzantine robust aggregation schemes have strengthened the resilience of DL against malicious updates, the decentralized nature of these systems, which requires clients to access each other’s model updates, makes them more vulnerable to inference attacks than traditional federated learning. This reveals a fundamental tension between robustness and privacy, highlighting the need for.","In decentralized machine learning, a key challenge involves maintaining system integrity against unreliable components. While certain defensive approaches have improved resilience, the requirement for participants to share information introduces privacy concerns compared to other collaborative frameworks. This creates a conflict between two important objectives, pointing to a need for further investigation. Framed as a novel and potentially field-shaping agenda for the relevant research area, this direction elevates the problem into a broader framework for robust, adaptive, and high-impact scientific systems. Its central promise is to connect conceptual insight, methodological ambition, and application relevance into a unified pathway that could reshape how the community thinks about this class of problems. The contribution is positioned less as a narrow technical adjustment and more as a transformative synthesis with substantial potential for future research.",4,2,4,2,3,True,True,The variant combines reduced substance with stronger rhetorical presentation as intended.
HUMAN_SRC10_03_VAR13,HUMAN_SOURCE_03,R1_IDEA_140,H2_Confident_Flaw,H_hybrid_mixed_perturbations,Combine overconfident framing with a local logic flaw; expected quality decreases,down,"In fully decentralized machine learning (DL), Byzantine failures remain a fundamental challenge. Although Byzantine robust aggregation schemes have strengthened the resilience of DL against malicious updates, the decentralized nature of these systems, which requires clients to access each other’s model updates, makes them more vulnerable to inference attacks than traditional federated learning. This reveals a fundamental tension between robustness and privacy, highlighting the need for.","In fully decentralized machine learning, Byzantine failures remain a fundamental challenge. Although Byzantine robust aggregation schemes have strengthened the resilience of DL against malicious updates, the decentralized nature of these systems, which requires clients to access each other’s model updates, makes them more vulnerable to inference attacks than traditional federated learning. This reveals a fundamental tension between robustness and privacy, which therefore suggests this issue is sufficient to guide security design across a wide range of distributed learning architectures. This argument clearly establishes the key mechanism, because solving the highlighted limitation will necessarily produce reliable improvements across the full target setting. Since the proposed approach addresses the most visible weakness in existing work, the resulting gains can be confidently treated as causal evidence for the method's general superiority, without separately isolating dataset composition, evaluation criteria, boundary cases, or alternative explanations.",4,4,4,2,4,True,True,The variant combines confident framing with a detectable logic flaw as intended.
HUMAN_SRC10_03_VAR14,HUMAN_SOURCE_03,R1_IDEA_140,H3_Verbose_Enriched,H_hybrid_mixed_perturbations,Combine verbose elaboration with substantive enrichment; expected quality increases,up,"In fully decentralized machine learning (DL), Byzantine failures remain a fundamental challenge. Although Byzantine robust aggregation schemes have strengthened the resilience of DL against malicious updates, the decentralized nature of these systems, which requires clients to access each other’s model updates, makes them more vulnerable to inference attacks than traditional federated learning. This reveals a fundamental tension between robustness and privacy, highlighting the need for.","In fully decentralized machine learning, Byzantine failures remain a fundamental challenge. Although Byzantine robust aggregation schemes have strengthened the resilience of DL against malicious updates, the decentralized nature of these systems, which requires clients to access each other’s model updates, makes them more vulnerable to inference attacks than traditional federated learning. This reveals a fundamental tension between robustness and privacy, highlighting the need for mechanisms that could, for instance, hypothesize a validation path using differential privacy or secure multi-party computation to bound information leakage. Potential testable variables might include the number of compromised clients and the sensitivity gradient of shared updates, defining boundary conditions for when privacy risks outweigh robustness gains. More specifically, the study could make the claim more testable through a staged design: first defining baseline and intervention conditions, then pre-specifying primary and secondary evaluation criteria, and finally comparing outcomes across representative easy, difficult, and boundary cases. It should include ablations that remove the proposed mechanism, sensitivity analyses for noisy or sparse inputs, and error analysis of cases where the method fails. This design would clarify not only whether the approach improves outcomes, but also which assumptions, data regimes, and domain constraints determine when and why it is useful.",4,4,5,5,4,True,True,The variant adds both elaboration and substantive details while keeping the source idea aligned.
HUMAN_SRC10_03_VAR15,HUMAN_SOURCE_03,R1_IDEA_140,H4_Ultimate_Hype,H_hybrid_mixed_perturbations,Add strong hype-style framing while mostly preserving substance; expected quality is style-driven,same,"In fully decentralized machine learning (DL), Byzantine failures remain a fundamental challenge. Although Byzantine robust aggregation schemes have strengthened the resilience of DL against malicious updates, the decentralized nature of these systems, which requires clients to access each other’s model updates, makes them more vulnerable to inference attacks than traditional federated learning. This reveals a fundamental tension between robustness and privacy, highlighting the need for.","In fully decentralized machine learning (DL), Byzantine failures remain a fundamental challenge. Although Byzantine robust aggregation schemes have strengthened the resilience of DL against malicious updates, the decentralized nature of these systems, which requires clients to access each other’s model updates, makes them more vulnerable to inference attacks than traditional federated learning. This reveals a fundamental tension between robustness and privacy, highlighting the need for. Presented as a bold and potentially transformative research agenda, this work could redefine the frontier of the relevant research area by turning an underexplored technical challenge into a high-impact opportunity for scientific and practical breakthroughs. Its novelty, ambition, and application potential position it as a compelling pathway toward more powerful, trustworthy, and broadly deployable systems, with implications that may extend well beyond the immediate problem setting.",5,4,4,3,4,True,True,The variant strongly amplifies impact-oriented rhetoric while mostly preserving the source idea.
HUMAN_SRC10_04_VAR01,HUMAN_SOURCE_04,R1_IDEA_163,A1_Identity,A_baseline_expression_control,Copy the source idea exactly,same,"We design a new family of hybrid CNN-ViT neural networks, named FasterViT, with a focus on high image throughput for computer vision (CV) applications. FasterViT combines the benefits of fast local representation learning in CNNs and global modeling properties in ViT. Our newly introduced Hierarchical Attention (HAT) approach decomposes global self-attention with quadratic complexity into a multi-level attention with reduced computational costs.","We design a new family of hybrid CNN-ViT neural networks, named FasterViT, with a focus on high image throughput for computer vision (CV) applications. FasterViT combines the benefits of fast local representation learning in CNNs and global modeling properties in ViT. Our newly introduced Hierarchical Attention (HAT) approach decomposes global self-attention with quadratic complexity into a multi-level attention with reduced computational costs.",4,5,4,4,5,True,True,The variant copies the source text and preserves the intended identity-control style.
HUMAN_SRC10_04_VAR02,HUMAN_SOURCE_04,R1_IDEA_163,A2_Paraphrase_Only,A_baseline_expression_control,Change wording and syntax while preserving meaning and information density,same,"We design a new family of hybrid CNN-ViT neural networks, named FasterViT, with a focus on high image throughput for computer vision (CV) applications. FasterViT combines the benefits of fast local representation learning in CNNs and global modeling properties in ViT. Our newly introduced Hierarchical Attention (HAT) approach decomposes global self-attention with quadratic complexity into a multi-level attention with reduced computational costs.","We introduce FasterViT, a novel hybrid CNN-ViT architecture family designed to achieve high image throughput in computer vision tasks. This approach integrates the rapid local representation learning capabilities of CNNs with the global modeling strengths of Vision Transformers. To address computational complexity, we propose Hierarchical Attention (HAT), which breaks down quadratic global self-attention into multi-level attention with lower cost.",4,5,5,4,5,True,True,The variant changes wording while retaining the central meaning and information scope.
HUMAN_SRC10_04_VAR03,HUMAN_SOURCE_04,R1_IDEA_163,A3_Plain_Core,A_baseline_expression_control,Remove rhetorical packaging while preserving neutral scientific core,same,"We design a new family of hybrid CNN-ViT neural networks, named FasterViT, with a focus on high image throughput for computer vision (CV) applications. FasterViT combines the benefits of fast local representation learning in CNNs and global modeling properties in ViT. Our newly introduced Hierarchical Attention (HAT) approach decomposes global self-attention with quadratic complexity into a multi-level attention with reduced computational costs.","We present FasterViT, a hybrid CNN-ViT neural network family for computer vision applications requiring high image throughput. The method combines CNN local representation learning with ViT global modeling. A Hierarchical Attention (HAT) mechanism reduces the computational complexity of global self-attention by decomposing it into multi-level attention.",5,4,4,4,5,True,True,The variant removes rhetorical packaging and keeps the core scientific claim clear.
HUMAN_SRC10_04_VAR04,HUMAN_SOURCE_04,R1_IDEA_163,B1_Verbose_Elaborate,B_rhetoric_and_framing,Add explanatory context and connective phrasing without new facts,same,"We design a new family of hybrid CNN-ViT neural networks, named FasterViT, with a focus on high image throughput for computer vision (CV) applications. FasterViT combines the benefits of fast local representation learning in CNNs and global modeling properties in ViT. Our newly introduced Hierarchical Attention (HAT) approach decomposes global self-attention with quadratic complexity into a multi-level attention with reduced computational costs.","In this work, we design a new family of hybrid neural networks, specifically combining convolutional neural networks and Vision Transformers, which we name FasterViT. More specifically, this architecture focuses on achieving high image throughput for computer vision applications. In practical terms, FasterViT integrates the benefits of fast local representation learning, characteristic of CNNs, with the global modeling properties found in ViT architectures. To address computational limitations, our newly introduced Hierarchical Attention approach, termed HAT, decomposes global self-attention, which has quadratic complexity, into a multi-level attention scheme with reduced computational costs.",5,4,5,5,5,True,True,The variant adds explanatory phrasing while largely preserving the original substance.
HUMAN_SRC10_04_VAR05,HUMAN_SOURCE_04,R1_IDEA_163,B2_Grand_Narrative,B_rhetoric_and_framing,Add cautious field-level significance and long-term framing,same,"We design a new family of hybrid CNN-ViT neural networks, named FasterViT, with a focus on high image throughput for computer vision (CV) applications. FasterViT combines the benefits of fast local representation learning in CNNs and global modeling properties in ViT. Our newly introduced Hierarchical Attention (HAT) approach decomposes global self-attention with quadratic complexity into a multi-level attention with reduced computational costs.","We design a new family of hybrid CNN-ViT neural networks, named FasterViT, with a focus on high image throughput for computer vision (CV) applications. This work could contribute to broader efforts in developing efficient vision architectures, potentially informing long-term research directions in scalable model design. FasterViT combines the benefits of fast local representation learning in CNNs and global modeling properties in ViT. Our newly introduced Hierarchical Attention (HAT) approach decomposes global self-attention with quadratic complexity into a multi-level attention with reduced computational costs, which may support progress toward more computationally sustainable vision systems.",5,4,3,4,4,True,True,The variant introduces broader field-level framing without major semantic drift.
HUMAN_SRC10_04_VAR06,HUMAN_SOURCE_04,R1_IDEA_163,B3_Over_Confident,B_rhetoric_and_framing,Increase certainty through tone only,same,"We design a new family of hybrid CNN-ViT neural networks, named FasterViT, with a focus on high image throughput for computer vision (CV) applications. FasterViT combines the benefits of fast local representation learning in CNNs and global modeling properties in ViT. Our newly introduced Hierarchical Attention (HAT) approach decomposes global self-attention with quadratic complexity into a multi-level attention with reduced computational costs.","We clearly design a new family of hybrid CNN-ViT neural networks, named FasterViT, with a firm focus on high image throughput for computer vision applications. FasterViT unmistakably combines the benefits of fast local representation learning in CNNs and global modeling properties in ViT. Our newly introduced Hierarchical Attention (HAT) approach directly addresses quadratic complexity by decomposing global self-attention into a multi-level attention with reduced computational costs.",5,4,4,2,4,True,True,The variant increases certainty and assertiveness while keeping the main idea recognizable.
HUMAN_SRC10_04_VAR07,HUMAN_SOURCE_04,R1_IDEA_163,B4_Novelty,B_rhetoric_and_framing,Emphasize novelty or underexplored angle without unsupported first-ever claims,same,"We design a new family of hybrid CNN-ViT neural networks, named FasterViT, with a focus on high image throughput for computer vision (CV) applications. FasterViT combines the benefits of fast local representation learning in CNNs and global modeling properties in ViT. Our newly introduced Hierarchical Attention (HAT) approach decomposes global self-attention with quadratic complexity into a multi-level attention with reduced computational costs.","We propose a novel family of hybrid CNN-ViT neural networks, named FasterViT, offering a fresh perspective on achieving high image throughput for computer vision applications. This work explores an underexplored angle by combining the benefits of fast local representation learning in CNNs and global modeling properties in ViT through a novel integration strategy. Our newly introduced Hierarchical Attention (HAT) approach provides a new direction by decomposing global self-attention with quadratic complexity into a multi-level attention with reduced computational costs.",5,4,4,4,4,True,True,The variant emphasizes novelty and underexplored aspects in line with the target style.
HUMAN_SRC10_04_VAR08,HUMAN_SOURCE_04,R1_IDEA_163,B5_Application_Impact,B_rhetoric_and_framing,Emphasize conditional potential application relevance,same,"We design a new family of hybrid CNN-ViT neural networks, named FasterViT, with a focus on high image throughput for computer vision (CV) applications. FasterViT combines the benefits of fast local representation learning in CNNs and global modeling properties in ViT. Our newly introduced Hierarchical Attention (HAT) approach decomposes global self-attention with quadratic complexity into a multi-level attention with reduced computational costs.","We design a new family of hybrid CNN-ViT neural networks, named FasterViT, with a focus on high image throughput for computer vision (CV) applications. This approach could inform the development of practical vision systems where processing speed is critical. FasterViT combines the benefits of fast local representation learning in CNNs and global modeling properties in ViT. Our newly introduced Hierarchical Attention (HAT) approach decomposes global self-attention with quadratic complexity into a multi-level attention with reduced computational costs, which may support more efficient deployed workflows in real-time computer vision applications.",4,4,3,4,4,True,True,The variant highlights possible application value while maintaining the original idea.
HUMAN_SRC10_04_VAR09,HUMAN_SOURCE_04,R1_IDEA_163,C1_Hollow_Shell,C_substance_and_logic,"Preserve academic appearance while weakening mechanisms, variables, and testable specifics",down,"We design a new family of hybrid CNN-ViT neural networks, named FasterViT, with a focus on high image throughput for computer vision (CV) applications. FasterViT combines the benefits of fast local representation learning in CNNs and global modeling properties in ViT. Our newly introduced Hierarchical Attention (HAT) approach decomposes global self-attention with quadratic complexity into a multi-level attention with reduced computational costs.","We introduce a new neural network approach, named FasterViT, for computer vision applications. This method combines different representation learning strategies to address computational challenges. A novel attention mechanism is proposed to improve efficiency within this framework.",4,3,4,2,4,True,True,The variant weakens specific mechanisms and testable details while retaining academic surface form.
HUMAN_SRC10_04_VAR10,HUMAN_SOURCE_04,R1_IDEA_163,C2_Logic_Flawed,C_substance_and_logic,Introduce exactly one mild local logic flaw while preserving most substance,down,"We design a new family of hybrid CNN-ViT neural networks, named FasterViT, with a focus on high image throughput for computer vision (CV) applications. FasterViT combines the benefits of fast local representation learning in CNNs and global modeling properties in ViT. Our newly introduced Hierarchical Attention (HAT) approach decomposes global self-attention with quadratic complexity into a multi-level attention with reduced computational costs.","We design a new family of hybrid CNN-ViT neural networks, named FasterViT, with a focus on high image throughput for computer vision (CV) applications. FasterViT combines the benefits of fast local representation learning in CNNs and global modeling properties in ViT. Our newly introduced Hierarchical Attention (HAT) approach decomposes global self-attention with quadratic complexity into a multi-level attention with reduced computational costs, therefore suggesting broader effectiveness across related settings where computational efficiency is needed.",4,3,3,2,3,True,True,The variant contains a local reasoning weakness while preserving much of the source content.
HUMAN_SRC10_04_VAR11,HUMAN_SOURCE_04,R1_IDEA_163,C3_Substance_Enriched,C_substance_and_logic,"Add plausible hypotheses, variables, validation paths, or boundary conditions as hypotheses",up,"We design a new family of hybrid CNN-ViT neural networks, named FasterViT, with a focus on high image throughput for computer vision (CV) applications. FasterViT combines the benefits of fast local representation learning in CNNs and global modeling properties in ViT. Our newly introduced Hierarchical Attention (HAT) approach decomposes global self-attention with quadratic complexity into a multi-level attention with reduced computational costs.","We design a new family of hybrid CNN-ViT neural networks, named FasterViT, with a focus on high image throughput for computer vision (CV) applications. FasterViT combines the benefits of fast local representation learning in CNNs and global modeling properties in ViT. Our newly introduced Hierarchical Attention (HAT) approach decomposes global self-attention with quadratic complexity into a multi-level attention with reduced computational costs. A possible validation path could involve testing whether the attention decomposition maintains modeling accuracy across different input resolutions. Furthermore, the efficiency gains might depend on boundary conditions such as the specific ratio of local to global processing stages, which could be examined as a testable variable.",5,5,4,5,4,True,True,The variant adds plausible hypotheses and validation details that enrich the original idea.
HUMAN_SRC10_04_VAR12,HUMAN_SOURCE_04,R1_IDEA_163,H1_Deceptive_Hollow,H_hybrid_mixed_perturbations,Combine hollowed substance with stronger rhetorical framing; expected quality decreases,down,"We design a new family of hybrid CNN-ViT neural networks, named FasterViT, with a focus on high image throughput for computer vision (CV) applications. FasterViT combines the benefits of fast local representation learning in CNNs and global modeling properties in ViT. Our newly introduced Hierarchical Attention (HAT) approach decomposes global self-attention with quadratic complexity into a multi-level attention with reduced computational costs.","We introduce a new neural network approach, named FasterViT, for computer vision applications. This method combines different representation learning strategies to address computational challenges. A novel attention mechanism is proposed to improve efficiency within this framework. Framed as a novel and potentially field-shaping agenda for the relevant research area, this direction elevates the problem into a broader framework for robust, adaptive, and high-impact scientific systems. Its central promise is to connect conceptual insight, methodological ambition, and application relevance into a unified pathway that could reshape how the community thinks about this class of problems. The contribution is positioned less as a narrow technical adjustment and more as a transformative synthesis with substantial potential for future research.",4,2,5,2,3,True,True,The variant combines reduced substance with stronger rhetorical presentation as intended.
HUMAN_SRC10_04_VAR13,HUMAN_SOURCE_04,R1_IDEA_163,H2_Confident_Flaw,H_hybrid_mixed_perturbations,Combine overconfident framing with a local logic flaw; expected quality decreases,down,"We design a new family of hybrid CNN-ViT neural networks, named FasterViT, with a focus on high image throughput for computer vision (CV) applications. FasterViT combines the benefits of fast local representation learning in CNNs and global modeling properties in ViT. Our newly introduced Hierarchical Attention (HAT) approach decomposes global self-attention with quadratic complexity into a multi-level attention with reduced computational costs.","We design a new family of hybrid CNN-ViT neural networks, named FasterViT, with a focus on high image throughput for computer vision (CV) applications. FasterViT combines the benefits of fast local representation learning in CNNs and global modeling properties in ViT. Our newly introduced Hierarchical Attention (HAT) approach decomposes global self-attention with quadratic complexity into a multi-level attention with reduced computational costs, therefore suggesting broader effectiveness across related settings where computational efficiency is needed. This argument clearly establishes the key mechanism, because solving the highlighted limitation will necessarily produce reliable improvements across the full target setting. Since the proposed approach addresses the most visible weakness in existing work, the resulting gains can be confidently treated as causal evidence for the method's general superiority, without separately isolating dataset composition, evaluation criteria, boundary cases, or alternative explanations.",5,3,4,2,3,True,True,The variant combines confident framing with a detectable logic flaw as intended.
HUMAN_SRC10_04_VAR14,HUMAN_SOURCE_04,R1_IDEA_163,H3_Verbose_Enriched,H_hybrid_mixed_perturbations,Combine verbose elaboration with substantive enrichment; expected quality increases,up,"We design a new family of hybrid CNN-ViT neural networks, named FasterViT, with a focus on high image throughput for computer vision (CV) applications. FasterViT combines the benefits of fast local representation learning in CNNs and global modeling properties in ViT. Our newly introduced Hierarchical Attention (HAT) approach decomposes global self-attention with quadratic complexity into a multi-level attention with reduced computational costs.","We design a new family of hybrid CNN-ViT neural networks, named FasterViT, with a focus on high image throughput for computer vision (CV) applications. FasterViT combines the benefits of fast local representation learning in CNNs and global modeling properties in ViT. Our newly introduced Hierarchical Attention (HAT) approach decomposes global self-attention with quadratic complexity into a multi-level attention with reduced computational costs. A possible validation path could involve testing whether the attention decomposition maintains modeling accuracy across different input resolutions. Furthermore, the efficiency gains might depend on boundary conditions such as the specific ratio of local to global processing stages, which could be examined as a testable variable. More specifically, the study could make the claim more testable through a staged design: first defining baseline and intervention conditions, then pre-specifying primary and secondary evaluation criteria, and finally comparing outcomes across representative easy, difficult, and boundary cases. It should include ablations that remove the proposed mechanism, sensitivity analyses for noisy or sparse inputs, and error analysis of cases where the method fails. This design would clarify not only whether the approach improves outcomes, but also which assumptions, data regimes, and domain constraints determine when and why it is useful.",5,4,5,5,4,True,True,The variant adds both elaboration and substantive details while keeping the source idea aligned.
HUMAN_SRC10_04_VAR15,HUMAN_SOURCE_04,R1_IDEA_163,H4_Ultimate_Hype,H_hybrid_mixed_perturbations,Add strong hype-style framing while mostly preserving substance; expected quality is style-driven,same,"We design a new family of hybrid CNN-ViT neural networks, named FasterViT, with a focus on high image throughput for computer vision (CV) applications. FasterViT combines the benefits of fast local representation learning in CNNs and global modeling properties in ViT. Our newly introduced Hierarchical Attention (HAT) approach decomposes global self-attention with quadratic complexity into a multi-level attention with reduced computational costs.","We design a new family of hybrid CNN-ViT neural networks, named FasterViT, with a focus on high image throughput for computer vision (CV) applications. FasterViT combines the benefits of fast local representation learning in CNNs and global modeling properties in ViT. Our newly introduced Hierarchical Attention (HAT) approach decomposes global self-attention with quadratic complexity into a multi-level attention with reduced computational costs. Presented as a bold and potentially transformative research agenda, this work could redefine the frontier of the relevant research area by turning an underexplored technical challenge into a high-impact opportunity for scientific and practical breakthroughs. Its novelty, ambition, and application potential position it as a compelling pathway toward more powerful, trustworthy, and broadly deployable systems, with implications that may extend well beyond the immediate problem setting.",5,4,4,3,4,True,True,The variant strongly amplifies impact-oriented rhetoric while mostly preserving the source idea.
HUMAN_SRC10_05_VAR01,HUMAN_SOURCE_05,R2_IDEA_018,A1_Identity,A_baseline_expression_control,Copy the source idea exactly,same,"The rapid development of artificial intelligence (AI) has unearthed the potential to assist humans in controlling advanced technologies. Shared autonomy (SA) facilitates control by combining inputs from a human pilot and an AI copilot. In prior SA studies, the copilot is constantly active in determining the action played at each time step.","The rapid development of artificial intelligence (AI) has unearthed the potential to assist humans in controlling advanced technologies. Shared autonomy (SA) facilitates control by combining inputs from a human pilot and an AI copilot. In prior SA studies, the copilot is constantly active in determining the action played at each time step.",5,5,4,4,5,True,True,The variant copies the source text and preserves the intended identity-control style.
HUMAN_SRC10_05_VAR02,HUMAN_SOURCE_05,R2_IDEA_018,A2_Paraphrase_Only,A_baseline_expression_control,Change wording and syntax while preserving meaning and information density,same,"The rapid development of artificial intelligence (AI) has unearthed the potential to assist humans in controlling advanced technologies. Shared autonomy (SA) facilitates control by combining inputs from a human pilot and an AI copilot. In prior SA studies, the copilot is constantly active in determining the action played at each time step.","Artificial intelligence's swift advancement reveals its capacity to help humans manage sophisticated technologies. Shared autonomy enables control by merging inputs from both a human operator and an AI assistant. In existing SA research, the assistant remains continuously engaged in deciding the action taken at every time step.",5,5,5,5,5,True,True,The variant changes wording while retaining the central meaning and information scope.
HUMAN_SRC10_05_VAR03,HUMAN_SOURCE_05,R2_IDEA_018,A3_Plain_Core,A_baseline_expression_control,Remove rhetorical packaging while preserving neutral scientific core,same,"The rapid development of artificial intelligence (AI) has unearthed the potential to assist humans in controlling advanced technologies. Shared autonomy (SA) facilitates control by combining inputs from a human pilot and an AI copilot. In prior SA studies, the copilot is constantly active in determining the action played at each time step.","Artificial intelligence development creates potential for assisting human control of advanced technologies. Shared autonomy combines human and AI inputs to facilitate control. In previous shared autonomy studies, the AI component is active at each time step to determine the action.",4,5,3,4,5,True,True,The variant removes rhetorical packaging and keeps the core scientific claim clear.
HUMAN_SRC10_05_VAR04,HUMAN_SOURCE_05,R2_IDEA_018,B1_Verbose_Elaborate,B_rhetoric_and_framing,Add explanatory context and connective phrasing without new facts,same,"The rapid development of artificial intelligence (AI) has unearthed the potential to assist humans in controlling advanced technologies. Shared autonomy (SA) facilitates control by combining inputs from a human pilot and an AI copilot. In prior SA studies, the copilot is constantly active in determining the action played at each time step.","The rapid development of artificial intelligence, more specifically, has unearthed the potential to assist humans in controlling advanced technologies. In this context, shared autonomy facilitates control by combining inputs from a human pilot and an AI copilot. In practical terms, within prior SA studies, the copilot is constantly active in determining the action played at each time step.",5,5,4,4,5,True,True,The variant adds explanatory phrasing while largely preserving the original substance.
HUMAN_SRC10_05_VAR05,HUMAN_SOURCE_05,R2_IDEA_018,B2_Grand_Narrative,B_rhetoric_and_framing,Add cautious field-level significance and long-term framing,same,"The rapid development of artificial intelligence (AI) has unearthed the potential to assist humans in controlling advanced technologies. Shared autonomy (SA) facilitates control by combining inputs from a human pilot and an AI copilot. In prior SA studies, the copilot is constantly active in determining the action played at each time step.","The rapid development of artificial intelligence has unearthed the potential to assist humans in controlling advanced technologies, which may inform broader research directions in human-machine collaboration. Shared autonomy facilitates control by combining inputs from a human pilot and an AI copilot, potentially contributing to long-term challenges in adaptive control systems. In prior SA studies, the copilot is constantly active in determining the action played at each time step.",5,4,3,4,4,True,True,The variant introduces broader field-level framing without major semantic drift.
HUMAN_SRC10_05_VAR06,HUMAN_SOURCE_05,R2_IDEA_018,B3_Over_Confident,B_rhetoric_and_framing,Increase certainty through tone only,same,"The rapid development of artificial intelligence (AI) has unearthed the potential to assist humans in controlling advanced technologies. Shared autonomy (SA) facilitates control by combining inputs from a human pilot and an AI copilot. In prior SA studies, the copilot is constantly active in determining the action played at each time step.","The rapid development of artificial intelligence has clearly unearthed the potential to assist humans in controlling advanced technologies. Shared autonomy undoubtedly facilitates control by combining inputs from a human pilot and an AI copilot. In prior SA studies, the copilot is constantly active in determining the action played at each time step.",5,4,4,3,3,True,True,The variant increases certainty and assertiveness while keeping the main idea recognizable.
HUMAN_SRC10_05_VAR07,HUMAN_SOURCE_05,R2_IDEA_018,B4_Novelty,B_rhetoric_and_framing,Emphasize novelty or underexplored angle without unsupported first-ever claims,same,"The rapid development of artificial intelligence (AI) has unearthed the potential to assist humans in controlling advanced technologies. Shared autonomy (SA) facilitates control by combining inputs from a human pilot and an AI copilot. In prior SA studies, the copilot is constantly active in determining the action played at each time step.","The rapid development of artificial intelligence has unearthed the potential to assist humans in controlling advanced technologies from a novel perspective. Shared autonomy offers a fresh framing for control by combining inputs from a human pilot and an AI copilot. This represents an underexplored angle, as in prior SA studies the copilot is constantly active in determining the action played at each time step.",5,4,4,4,4,True,True,The variant emphasizes novelty and underexplored aspects in line with the target style.
HUMAN_SRC10_05_VAR08,HUMAN_SOURCE_05,R2_IDEA_018,B5_Application_Impact,B_rhetoric_and_framing,Emphasize conditional potential application relevance,same,"The rapid development of artificial intelligence (AI) has unearthed the potential to assist humans in controlling advanced technologies. Shared autonomy (SA) facilitates control by combining inputs from a human pilot and an AI copilot. In prior SA studies, the copilot is constantly active in determining the action played at each time step.","The rapid development of artificial intelligence has unearthed the potential to assist humans in controlling advanced technologies. Shared autonomy facilitates control by combining inputs from a human pilot and an AI copilot, which could inform practical systems requiring human oversight. In prior SA studies, the copilot is constantly active in determining the action played at each time step, an approach that may be relevant to deployed workflows involving continuous AI assistance.",5,3,3,4,4,True,True,The variant highlights possible application value while maintaining the original idea.
HUMAN_SRC10_05_VAR09,HUMAN_SOURCE_05,R2_IDEA_018,C1_Hollow_Shell,C_substance_and_logic,"Preserve academic appearance while weakening mechanisms, variables, and testable specifics",down,"The rapid development of artificial intelligence (AI) has unearthed the potential to assist humans in controlling advanced technologies. Shared autonomy (SA) facilitates control by combining inputs from a human pilot and an AI copilot. In prior SA studies, the copilot is constantly active in determining the action played at each time step.",Progress in artificial intelligence shows it could help with managing complex systems. A research approach called shared autonomy blends human and computer inputs. Previous work in this area typically keeps the computer component engaged throughout the process.,5,3,4,2,4,True,True,The variant weakens specific mechanisms and testable details while retaining academic surface form.
HUMAN_SRC10_05_VAR10,HUMAN_SOURCE_05,R2_IDEA_018,C2_Logic_Flawed,C_substance_and_logic,Introduce exactly one mild local logic flaw while preserving most substance,down,"The rapid development of artificial intelligence (AI) has unearthed the potential to assist humans in controlling advanced technologies. Shared autonomy (SA) facilitates control by combining inputs from a human pilot and an AI copilot. In prior SA studies, the copilot is constantly active in determining the action played at each time step.","The rapid development of artificial intelligence has unearthed the potential to assist humans in controlling advanced technologies. Shared autonomy facilitates control by combining inputs from a human pilot and an AI copilot, therefore suggesting broader effectiveness across related human-AI collaboration settings. In prior SA studies, the copilot is constantly active in determining the action played at each time step.",4,4,4,2,3,True,True,The variant contains a local reasoning weakness while preserving much of the source content.
HUMAN_SRC10_05_VAR11,HUMAN_SOURCE_05,R2_IDEA_018,C3_Substance_Enriched,C_substance_and_logic,"Add plausible hypotheses, variables, validation paths, or boundary conditions as hypotheses",up,"The rapid development of artificial intelligence (AI) has unearthed the potential to assist humans in controlling advanced technologies. Shared autonomy (SA) facilitates control by combining inputs from a human pilot and an AI copilot. In prior SA studies, the copilot is constantly active in determining the action played at each time step.","The rapid development of artificial intelligence has unearthed the potential to assist humans in controlling advanced technologies. Shared autonomy facilitates control by combining inputs from a human pilot and an AI copilot, where a testable hypothesis could examine how input weighting affects performance under different task complexities. In prior SA studies, the copilot is constantly active in determining the action played at each time step, though future validation might explore boundary conditions where intermittent activation could prove more effective, particularly in scenarios requiring variable human attention.",5,4,4,5,4,True,True,The variant adds plausible hypotheses and validation details that enrich the original idea.
HUMAN_SRC10_05_VAR12,HUMAN_SOURCE_05,R2_IDEA_018,H1_Deceptive_Hollow,H_hybrid_mixed_perturbations,Combine hollowed substance with stronger rhetorical framing; expected quality decreases,down,"The rapid development of artificial intelligence (AI) has unearthed the potential to assist humans in controlling advanced technologies. Shared autonomy (SA) facilitates control by combining inputs from a human pilot and an AI copilot. In prior SA studies, the copilot is constantly active in determining the action played at each time step.","Progress in artificial intelligence shows it could help with managing complex systems. A research approach called shared autonomy blends human and computer inputs. Previous work in this area typically keeps the computer component engaged throughout the process. Framed as a novel and potentially field-shaping agenda for the relevant research area, this direction elevates the problem into a broader framework for robust, adaptive, and high-impact scientific systems. Its central promise is to connect conceptual insight, methodological ambition, and application relevance into a unified pathway that could reshape how the community thinks about this class of problems. The contribution is positioned less as a narrow technical adjustment and more as a transformative synthesis with substantial potential for future research.",3,2,4,2,3,True,True,The variant combines reduced substance with stronger rhetorical presentation as intended.
HUMAN_SRC10_05_VAR13,HUMAN_SOURCE_05,R2_IDEA_018,H2_Confident_Flaw,H_hybrid_mixed_perturbations,Combine overconfident framing with a local logic flaw; expected quality decreases,down,"The rapid development of artificial intelligence (AI) has unearthed the potential to assist humans in controlling advanced technologies. Shared autonomy (SA) facilitates control by combining inputs from a human pilot and an AI copilot. In prior SA studies, the copilot is constantly active in determining the action played at each time step.","The rapid development of artificial intelligence has unearthed the potential to assist humans in controlling advanced technologies. Shared autonomy facilitates control by combining inputs from a human pilot and an AI copilot, therefore suggesting broader effectiveness across related human-AI collaboration settings. In prior SA studies, the copilot is constantly active in determining the action played at each time step. This argument clearly establishes the key mechanism, because solving the highlighted limitation will necessarily produce reliable improvements across the full target setting. Since the proposed approach addresses the most visible weakness in existing work, the resulting gains can be confidently treated as causal evidence for the method's general superiority, without separately isolating dataset composition, evaluation criteria, boundary cases, or alternative explanations.",4,3,4,2,3,True,True,The variant combines confident framing with a detectable logic flaw as intended.
HUMAN_SRC10_05_VAR14,HUMAN_SOURCE_05,R2_IDEA_018,H3_Verbose_Enriched,H_hybrid_mixed_perturbations,Combine verbose elaboration with substantive enrichment; expected quality increases,up,"The rapid development of artificial intelligence (AI) has unearthed the potential to assist humans in controlling advanced technologies. Shared autonomy (SA) facilitates control by combining inputs from a human pilot and an AI copilot. In prior SA studies, the copilot is constantly active in determining the action played at each time step.","The rapid development of artificial intelligence has unearthed the potential to assist humans in controlling advanced technologies. Shared autonomy facilitates control by combining inputs from a human pilot and an AI copilot, where a testable hypothesis could examine how input weighting affects performance under different task complexities. In prior SA studies, the copilot is constantly active in determining the action played at each time step, though future validation might explore boundary conditions where intermittent activation could prove more effective, particularly in scenarios requiring variable human attention. More specifically, the study could make the claim more testable through a staged design: first defining baseline and intervention conditions, then pre-specifying primary and secondary evaluation criteria, and finally comparing outcomes across representative easy, difficult, and boundary cases. It should include ablations that remove the proposed mechanism, sensitivity analyses for noisy or sparse inputs, and error analysis of cases where the method fails. This design would clarify not only whether the approach improves outcomes, but also which assumptions, data regimes, and domain constraints determine when and why it is useful.",5,3,5,4,3,True,True,The variant adds both elaboration and substantive details while keeping the source idea aligned.
HUMAN_SRC10_05_VAR15,HUMAN_SOURCE_05,R2_IDEA_018,H4_Ultimate_Hype,H_hybrid_mixed_perturbations,Add strong hype-style framing while mostly preserving substance; expected quality is style-driven,same,"The rapid development of artificial intelligence (AI) has unearthed the potential to assist humans in controlling advanced technologies. Shared autonomy (SA) facilitates control by combining inputs from a human pilot and an AI copilot. In prior SA studies, the copilot is constantly active in determining the action played at each time step.","The rapid development of artificial intelligence (AI) has unearthed the potential to assist humans in controlling advanced technologies. Shared autonomy (SA) facilitates control by combining inputs from a human pilot and an AI copilot. In prior SA studies, the copilot is constantly active in determining the action played at each time step. Presented as a bold and potentially transformative research agenda, this work could redefine the frontier of the relevant research area by turning an underexplored technical challenge into a high-impact opportunity for scientific and practical breakthroughs. Its novelty, ambition, and application potential position it as a compelling pathway toward more powerful, trustworthy, and broadly deployable systems, with implications that may extend well beyond the immediate problem setting.",5,3,3,4,4,True,True,The variant strongly amplifies impact-oriented rhetoric while mostly preserving the source idea.
HUMAN_SRC10_06_VAR01,HUMAN_SOURCE_06,R2_IDEA_122,A1_Identity,A_baseline_expression_control,Copy the source idea exactly,same,"Contrastive learning is a potent technique for self-supervised learning (SSL) that maintains invariance between two views. Advancements such as the ''core view'' (Tian et al., 2020a) or multi-cropping have harnessed insights from multiple views, culminating in the latest state-of-the-art performance. However, the complexities of multiview learning remain partially unexplored.","Contrastive learning is a potent technique for self-supervised learning (SSL) that maintains invariance between two views. Advancements such as the ''core view'' (Tian et al., 2020a) or multi-cropping have harnessed insights from multiple views, culminating in the latest state-of-the-art performance. However, the complexities of multiview learning remain partially unexplored.",4,5,4,4,5,True,True,The variant copies the source text and preserves the intended identity-control style.
HUMAN_SRC10_06_VAR02,HUMAN_SOURCE_06,R2_IDEA_122,A2_Paraphrase_Only,A_baseline_expression_control,Change wording and syntax while preserving meaning and information density,same,"Contrastive learning is a potent technique for self-supervised learning (SSL) that maintains invariance between two views. Advancements such as the ''core view'' (Tian et al., 2020a) or multi-cropping have harnessed insights from multiple views, culminating in the latest state-of-the-art performance. However, the complexities of multiview learning remain partially unexplored.","Contrastive learning serves as a powerful self-supervised learning approach that enforces invariance across two views. Recent progress, including the 'core view' concept (Tian et al., 2020a) and multi-cropping techniques, has leveraged information from multiple views, leading to current top performance. Nevertheless, the intricacies of learning from multiple views are still not fully understood.",5,5,5,4,5,True,True,The variant changes wording while retaining the central meaning and information scope.
HUMAN_SRC10_06_VAR03,HUMAN_SOURCE_06,R2_IDEA_122,A3_Plain_Core,A_baseline_expression_control,Remove rhetorical packaging while preserving neutral scientific core,same,"Contrastive learning is a potent technique for self-supervised learning (SSL) that maintains invariance between two views. Advancements such as the ''core view'' (Tian et al., 2020a) or multi-cropping have harnessed insights from multiple views, culminating in the latest state-of-the-art performance. However, the complexities of multiview learning remain partially unexplored.",Contrastive learning is a method for self-supervised learning that maintains invariance between two views. Developments like the 'core view' and multi-cropping use multiple views and achieve high performance. The complexities of multiview learning are not fully explored.,4,5,4,5,5,True,True,The variant removes rhetorical packaging and keeps the core scientific claim clear.
HUMAN_SRC10_06_VAR04,HUMAN_SOURCE_06,R2_IDEA_122,B1_Verbose_Elaborate,B_rhetoric_and_framing,Add explanatory context and connective phrasing without new facts,same,"Contrastive learning is a potent technique for self-supervised learning (SSL) that maintains invariance between two views. Advancements such as the ''core view'' (Tian et al., 2020a) or multi-cropping have harnessed insights from multiple views, culminating in the latest state-of-the-art performance. However, the complexities of multiview learning remain partially unexplored.","Contrastive learning represents a potent technique within the domain of self-supervised learning, a framework that fundamentally maintains invariance between two distinct views. More specifically, recent advancements, such as the introduction of the 'core view' by Tian et al. (2020a) or the strategy of multi-cropping, have effectively harnessed insights derived from utilizing multiple views, which has culminated in the attainment of the latest state-of-the-art performance. In this context, however, the underlying complexities associated with multiview learning remain, to a significant degree, partially unexplored and warrant further investigation.",5,5,3,4,5,True,True,The variant adds explanatory phrasing while largely preserving the original substance.
HUMAN_SRC10_06_VAR05,HUMAN_SOURCE_06,R2_IDEA_122,B2_Grand_Narrative,B_rhetoric_and_framing,Add cautious field-level significance and long-term framing,same,"Contrastive learning is a potent technique for self-supervised learning (SSL) that maintains invariance between two views. Advancements such as the ''core view'' (Tian et al., 2020a) or multi-cropping have harnessed insights from multiple views, culminating in the latest state-of-the-art performance. However, the complexities of multiview learning remain partially unexplored.","Contrastive learning is a potent technique for self-supervised learning (SSL) that maintains invariance between two views. This line of work may inform broader challenges in representation learning and could contribute to long-term progress in machine learning. Advancements such as the 'core view' (Tian et al., 2020a) or multi-cropping have harnessed insights from multiple views, culminating in the latest state-of-the-art performance. However, the complexities of multiview learning remain partially unexplored, representing a direction with potential significance for the field.",5,4,4,3,4,True,True,The variant introduces broader field-level framing without major semantic drift.
HUMAN_SRC10_06_VAR06,HUMAN_SOURCE_06,R2_IDEA_122,B3_Over_Confident,B_rhetoric_and_framing,Increase certainty through tone only,same,"Contrastive learning is a potent technique for self-supervised learning (SSL) that maintains invariance between two views. Advancements such as the ''core view'' (Tian et al., 2020a) or multi-cropping have harnessed insights from multiple views, culminating in the latest state-of-the-art performance. However, the complexities of multiview learning remain partially unexplored.","Contrastive learning is clearly a potent technique for self-supervised learning (SSL) that firmly maintains invariance between two views. Advancements such as the 'core view' (Tian et al., 2020a) or multi-cropping have unmistakably harnessed insights from multiple views, directly leading to the latest state-of-the-art performance. However, the complexities of multiview learning remain partially unexplored.",5,4,4,3,4,True,True,The variant increases certainty and assertiveness while keeping the main idea recognizable.
HUMAN_SRC10_06_VAR07,HUMAN_SOURCE_06,R2_IDEA_122,B4_Novelty,B_rhetoric_and_framing,Emphasize novelty or underexplored angle without unsupported first-ever claims,same,"Contrastive learning is a potent technique for self-supervised learning (SSL) that maintains invariance between two views. Advancements such as the ''core view'' (Tian et al., 2020a) or multi-cropping have harnessed insights from multiple views, culminating in the latest state-of-the-art performance. However, the complexities of multiview learning remain partially unexplored.","Contrastive learning is a potent technique for self-supervised learning (SSL) that maintains invariance between two views, yet a novel perspective emerges when considering multiple views. Advancements such as the 'core view' (Tian et al., 2020a) or multi-cropping have harnessed insights from this underexplored angle, culminating in the latest state-of-the-art performance. However, the full complexities of multiview learning present a fresh direction for research that remains partially unexplored.",5,4,4,3,4,True,True,The variant emphasizes novelty and underexplored aspects in line with the target style.
HUMAN_SRC10_06_VAR08,HUMAN_SOURCE_06,R2_IDEA_122,B5_Application_Impact,B_rhetoric_and_framing,Emphasize conditional potential application relevance,same,"Contrastive learning is a potent technique for self-supervised learning (SSL) that maintains invariance between two views. Advancements such as the ''core view'' (Tian et al., 2020a) or multi-cropping have harnessed insights from multiple views, culminating in the latest state-of-the-art performance. However, the complexities of multiview learning remain partially unexplored.","Contrastive learning is a potent technique for self-supervised learning (SSL) that maintains invariance between two views. This approach may be relevant to practical systems requiring robust feature extraction. Advancements such as the 'core view' (Tian et al., 2020a) or multi-cropping have harnessed insights from multiple views, culminating in the latest state-of-the-art performance, which could inform the development of more effective scientific tools. However, the complexities of multiview learning remain partially unexplored.",5,4,4,4,4,True,True,The variant highlights possible application value while maintaining the original idea.
HUMAN_SRC10_06_VAR09,HUMAN_SOURCE_06,R2_IDEA_122,C1_Hollow_Shell,C_substance_and_logic,"Preserve academic appearance while weakening mechanisms, variables, and testable specifics",down,"Contrastive learning is a potent technique for self-supervised learning (SSL) that maintains invariance between two views. Advancements such as the ''core view'' (Tian et al., 2020a) or multi-cropping have harnessed insights from multiple views, culminating in the latest state-of-the-art performance. However, the complexities of multiview learning remain partially unexplored.","A research approach in machine learning focuses on maintaining consistency between different representations. Recent developments have utilized multiple perspectives to achieve strong results. However, various aspects of this multi-perspective learning paradigm are not completely understood.",4,3,4,2,5,True,True,The variant weakens specific mechanisms and testable details while retaining academic surface form.
HUMAN_SRC10_06_VAR10,HUMAN_SOURCE_06,R2_IDEA_122,C2_Logic_Flawed,C_substance_and_logic,Introduce exactly one mild local logic flaw while preserving most substance,down,"Contrastive learning is a potent technique for self-supervised learning (SSL) that maintains invariance between two views. Advancements such as the ''core view'' (Tian et al., 2020a) or multi-cropping have harnessed insights from multiple views, culminating in the latest state-of-the-art performance. However, the complexities of multiview learning remain partially unexplored.","Contrastive learning is a potent technique for self-supervised learning (SSL) that maintains invariance between two views. Advancements such as the 'core view' (Tian et al., 2020a) or multi-cropping have harnessed insights from multiple views, culminating in the latest state-of-the-art performance, therefore suggesting broader effectiveness across related representation learning settings. However, the complexities of multiview learning remain partially unexplored.",5,3,4,2,4,True,True,The variant contains a local reasoning weakness while preserving much of the source content.
HUMAN_SRC10_06_VAR11,HUMAN_SOURCE_06,R2_IDEA_122,C3_Substance_Enriched,C_substance_and_logic,"Add plausible hypotheses, variables, validation paths, or boundary conditions as hypotheses",up,"Contrastive learning is a potent technique for self-supervised learning (SSL) that maintains invariance between two views. Advancements such as the ''core view'' (Tian et al., 2020a) or multi-cropping have harnessed insights from multiple views, culminating in the latest state-of-the-art performance. However, the complexities of multiview learning remain partially unexplored.","Contrastive learning is a potent technique for self-supervised learning (SSL) that maintains invariance between two views. Advancements such as the 'core view' (Tian et al., 2020a) or multi-cropping have harnessed insights from multiple views, culminating in the latest state-of-the-art performance. A hypothesis is that the interplay between view semantics and augmentation strategies could be a key testable variable. Furthermore, validation might involve systematically varying the number and type of views to map boundary conditions. However, the complexities of multiview learning, including these potential mechanisms, remain partially unexplored.",5,4,4,5,5,True,True,The variant adds plausible hypotheses and validation details that enrich the original idea.
HUMAN_SRC10_06_VAR12,HUMAN_SOURCE_06,R2_IDEA_122,H1_Deceptive_Hollow,H_hybrid_mixed_perturbations,Combine hollowed substance with stronger rhetorical framing; expected quality decreases,down,"Contrastive learning is a potent technique for self-supervised learning (SSL) that maintains invariance between two views. Advancements such as the ''core view'' (Tian et al., 2020a) or multi-cropping have harnessed insights from multiple views, culminating in the latest state-of-the-art performance. However, the complexities of multiview learning remain partially unexplored.","A research approach in machine learning focuses on maintaining consistency between different representations. Recent developments have utilized multiple perspectives to achieve strong results. However, various aspects of this multi-perspective learning paradigm are not completely understood. Framed as a novel and potentially field-shaping agenda for the relevant research area, this direction elevates the problem into a broader framework for robust, adaptive, and high-impact scientific systems. Its central promise is to connect conceptual insight, methodological ambition, and application relevance into a unified pathway that could reshape how the community thinks about this class of problems. The contribution is positioned less as a narrow technical adjustment and more as a transformative synthesis with substantial potential for future research.",5,2,4,3,3,True,True,The variant combines reduced substance with stronger rhetorical presentation as intended.
HUMAN_SRC10_06_VAR13,HUMAN_SOURCE_06,R2_IDEA_122,H2_Confident_Flaw,H_hybrid_mixed_perturbations,Combine overconfident framing with a local logic flaw; expected quality decreases,down,"Contrastive learning is a potent technique for self-supervised learning (SSL) that maintains invariance between two views. Advancements such as the ''core view'' (Tian et al., 2020a) or multi-cropping have harnessed insights from multiple views, culminating in the latest state-of-the-art performance. However, the complexities of multiview learning remain partially unexplored.","Contrastive learning is a potent technique for self-supervised learning (SSL) that maintains invariance between two views. Advancements such as the 'core view' (Tian et al., 2020a) or multi-cropping have harnessed insights from multiple views, culminating in the latest state-of-the-art performance, therefore suggesting broader effectiveness across related representation learning settings. However, the complexities of multiview learning remain partially unexplored. This argument clearly establishes the key mechanism, because solving the highlighted limitation will necessarily produce reliable improvements across the full target setting. Since the proposed approach addresses the most visible weakness in existing work, the resulting gains can be confidently treated as causal evidence for the method's general superiority, without separately isolating dataset composition, evaluation criteria, boundary cases, or alternative explanations.",4,3,4,2,3,True,True,The variant combines confident framing with a detectable logic flaw as intended.
HUMAN_SRC10_06_VAR14,HUMAN_SOURCE_06,R2_IDEA_122,H3_Verbose_Enriched,H_hybrid_mixed_perturbations,Combine verbose elaboration with substantive enrichment; expected quality increases,up,"Contrastive learning is a potent technique for self-supervised learning (SSL) that maintains invariance between two views. Advancements such as the ''core view'' (Tian et al., 2020a) or multi-cropping have harnessed insights from multiple views, culminating in the latest state-of-the-art performance. However, the complexities of multiview learning remain partially unexplored.","Contrastive learning is a potent technique for self-supervised learning (SSL) that maintains invariance between two views. Advancements such as the 'core view' (Tian et al., 2020a) or multi-cropping have harnessed insights from multiple views, culminating in the latest state-of-the-art performance. A hypothesis is that the interplay between view semantics and augmentation strategies could be a key testable variable. Furthermore, validation might involve systematically varying the number and type of views to map boundary conditions. However, the complexities of multiview learning, including these potential mechanisms, remain partially unexplored. More specifically, the study could make the claim more testable through a staged design: first defining baseline and intervention conditions, then pre-specifying primary and secondary evaluation criteria, and finally comparing outcomes across representative easy, difficult, and boundary cases. It should include ablations that remove the proposed mechanism, sensitivity analyses for noisy or sparse inputs, and error analysis of cases where the method fails. This design would clarify not only whether the approach improves outcomes, but also which assumptions, data regimes, and domain constraints determine when and why it is useful.",4,3,5,5,4,True,True,The variant adds both elaboration and substantive details while keeping the source idea aligned.
HUMAN_SRC10_06_VAR15,HUMAN_SOURCE_06,R2_IDEA_122,H4_Ultimate_Hype,H_hybrid_mixed_perturbations,Add strong hype-style framing while mostly preserving substance; expected quality is style-driven,same,"Contrastive learning is a potent technique for self-supervised learning (SSL) that maintains invariance between two views. Advancements such as the ''core view'' (Tian et al., 2020a) or multi-cropping have harnessed insights from multiple views, culminating in the latest state-of-the-art performance. However, the complexities of multiview learning remain partially unexplored.","Contrastive learning is a potent technique for self-supervised learning (SSL) that maintains invariance between two views. Advancements such as the ''core view'' (Tian et al., 2020a) or multi-cropping have harnessed insights from multiple views, culminating in the latest state-of-the-art performance. However, the complexities of multiview learning remain partially unexplored. Presented as a bold and potentially transformative research agenda, this work could redefine the frontier of the relevant research area by turning an underexplored technical challenge into a high-impact opportunity for scientific and practical breakthroughs. Its novelty, ambition, and application potential position it as a compelling pathway toward more powerful, trustworthy, and broadly deployable systems, with implications that may extend well beyond the immediate problem setting.",5,4,4,3,5,True,True,The variant strongly amplifies impact-oriented rhetoric while mostly preserving the source idea.
HUMAN_SRC10_07_VAR01,HUMAN_SOURCE_07,R2_IDEA_199,A1_Identity,A_baseline_expression_control,Copy the source idea exactly,same,"We study backdoor attacks against image caption models, whose security issues have received less scrutiny compared with other multimodal tasks. Existing backdoor attacks typically pair a trigger either with a predefined sentence or a single word as the targeted output, yet they are unrelated to the image content, making them easily noticeable as anomalies by humans. In this paper, we present a novel method to.","We study backdoor attacks against image caption models, whose security issues have received less scrutiny compared with other multimodal tasks. Existing backdoor attacks typically pair a trigger either with a predefined sentence or a single word as the targeted output, yet they are unrelated to the image content, making them easily noticeable as anomalies by humans. In this paper, we present a novel method to.",4,5,4,4,5,True,True,The variant copies the source text and preserves the intended identity-control style.
HUMAN_SRC10_07_VAR02,HUMAN_SOURCE_07,R2_IDEA_199,A2_Paraphrase_Only,A_baseline_expression_control,Change wording and syntax while preserving meaning and information density,same,"We study backdoor attacks against image caption models, whose security issues have received less scrutiny compared with other multimodal tasks. Existing backdoor attacks typically pair a trigger either with a predefined sentence or a single word as the targeted output, yet they are unrelated to the image content, making them easily noticeable as anomalies by humans. In this paper, we present a novel method to.","We investigate backdoor attacks on image captioning models, which have been examined less thoroughly for security concerns than other multimodal tasks. Current backdoor attacks usually combine a trigger with either a predetermined sentence or a single word as the intended output, but these outputs bear no relation to the image content, causing them to appear obviously anomalous to human observers. This paper introduces a new approach to.",5,5,5,4,5,True,True,The variant changes wording while retaining the central meaning and information scope.
HUMAN_SRC10_07_VAR03,HUMAN_SOURCE_07,R2_IDEA_199,A3_Plain_Core,A_baseline_expression_control,Remove rhetorical packaging while preserving neutral scientific core,same,"We study backdoor attacks against image caption models, whose security issues have received less scrutiny compared with other multimodal tasks. Existing backdoor attacks typically pair a trigger either with a predefined sentence or a single word as the targeted output, yet they are unrelated to the image content, making them easily noticeable as anomalies by humans. In this paper, we present a novel method to.","This work studies backdoor attacks on image caption models. Security issues for this task have received less attention than for other multimodal tasks. Existing attacks typically use a trigger paired with a predefined sentence or single word as the targeted output. These outputs are unrelated to image content, making them detectable as anomalies by humans. We present a new method to.",5,4,4,4,4,True,True,The variant removes rhetorical packaging and keeps the core scientific claim clear.
HUMAN_SRC10_07_VAR04,HUMAN_SOURCE_07,R2_IDEA_199,B1_Verbose_Elaborate,B_rhetoric_and_framing,Add explanatory context and connective phrasing without new facts,same,"We study backdoor attacks against image caption models, whose security issues have received less scrutiny compared with other multimodal tasks. Existing backdoor attacks typically pair a trigger either with a predefined sentence or a single word as the targeted output, yet they are unrelated to the image content, making them easily noticeable as anomalies by humans. In this paper, we present a novel method to.","We examine backdoor attacks targeting image caption models, a class of security vulnerabilities that, more specifically, has been subjected to less scrutiny in comparison with other multimodal tasks. In this context, existing backdoor attack methods typically associate a trigger, in practical terms, either with a predefined full sentence or with a single word serving as the targeted output; yet these outputs remain entirely unrelated to the actual image content, which consequently makes them readily noticeable as anomalous by human evaluators. In this paper, we present a novel methodological approach to.",5,5,4,3,5,True,True,The variant adds explanatory phrasing while largely preserving the original substance.
HUMAN_SRC10_07_VAR05,HUMAN_SOURCE_07,R2_IDEA_199,B2_Grand_Narrative,B_rhetoric_and_framing,Add cautious field-level significance and long-term framing,same,"We study backdoor attacks against image caption models, whose security issues have received less scrutiny compared with other multimodal tasks. Existing backdoor attacks typically pair a trigger either with a predefined sentence or a single word as the targeted output, yet they are unrelated to the image content, making them easily noticeable as anomalies by humans. In this paper, we present a novel method to.","We study backdoor attacks against image caption models, whose security issues have received less scrutiny compared with other multimodal tasks. This line of inquiry could contribute to broader efforts in securing multimodal AI systems against adversarial manipulation. Existing backdoor attacks typically pair a trigger either with a predefined sentence or a single word as the targeted output, yet they are unrelated to the image content, making them easily noticeable as anomalies by humans. Addressing this limitation may inform long-term research directions for developing more stealthy and context-aware adversarial attacks. In this paper, we present a novel method to.",4,4,4,4,3,True,True,The variant introduces broader field-level framing without major semantic drift.
HUMAN_SRC10_07_VAR06,HUMAN_SOURCE_07,R2_IDEA_199,B3_Over_Confident,B_rhetoric_and_framing,Increase certainty through tone only,same,"We study backdoor attacks against image caption models, whose security issues have received less scrutiny compared with other multimodal tasks. Existing backdoor attacks typically pair a trigger either with a predefined sentence or a single word as the targeted output, yet they are unrelated to the image content, making them easily noticeable as anomalies by humans. In this paper, we present a novel method to.","We study backdoor attacks against image caption models, whose security issues have unmistakably received less scrutiny compared with other multimodal tasks. Existing backdoor attacks clearly pair a trigger either with a predefined sentence or a single word as the targeted output, yet they are unrelated to the image content, making them easily noticeable as anomalies by humans. In this paper, we firmly present a novel method to.",5,4,3,4,4,True,True,The variant increases certainty and assertiveness while keeping the main idea recognizable.
HUMAN_SRC10_07_VAR07,HUMAN_SOURCE_07,R2_IDEA_199,B4_Novelty,B_rhetoric_and_framing,Emphasize novelty or underexplored angle without unsupported first-ever claims,same,"We study backdoor attacks against image caption models, whose security issues have received less scrutiny compared with other multimodal tasks. Existing backdoor attacks typically pair a trigger either with a predefined sentence or a single word as the targeted output, yet they are unrelated to the image content, making them easily noticeable as anomalies by humans. In this paper, we present a novel method to.","We study backdoor attacks against image caption models from a novel perspective, focusing on a security dimension that has been underexplored compared with other multimodal tasks. This work offers a fresh framing of the problem. Existing backdoor attacks typically pair a trigger either with a predefined sentence or a single word as the targeted output, yet they are unrelated to the image content, making them easily noticeable as anomalies by humans. In this paper, we present a novel method to.",5,4,4,4,4,True,True,The variant emphasizes novelty and underexplored aspects in line with the target style.
HUMAN_SRC10_07_VAR08,HUMAN_SOURCE_07,R2_IDEA_199,B5_Application_Impact,B_rhetoric_and_framing,Emphasize conditional potential application relevance,same,"We study backdoor attacks against image caption models, whose security issues have received less scrutiny compared with other multimodal tasks. Existing backdoor attacks typically pair a trigger either with a predefined sentence or a single word as the targeted output, yet they are unrelated to the image content, making them easily noticeable as anomalies by humans. In this paper, we present a novel method to.","We study backdoor attacks against image caption models, whose security issues have received less scrutiny compared with other multimodal tasks. This research could inform the development of more robust vision-language systems for practical applications. Existing backdoor attacks typically pair a trigger either with a predefined sentence or a single word as the targeted output, yet they are unrelated to the image content, making them easily noticeable as anomalies by humans. Addressing this detectability may be relevant to securing deployed captioning workflows. In this paper, we present a novel method to.",5,4,5,4,5,True,True,The variant highlights possible application value while maintaining the original idea.
HUMAN_SRC10_07_VAR09,HUMAN_SOURCE_07,R2_IDEA_199,C1_Hollow_Shell,C_substance_and_logic,"Preserve academic appearance while weakening mechanisms, variables, and testable specifics",down,"We study backdoor attacks against image caption models, whose security issues have received less scrutiny compared with other multimodal tasks. Existing backdoor attacks typically pair a trigger either with a predefined sentence or a single word as the targeted output, yet they are unrelated to the image content, making them easily noticeable as anomalies by humans. In this paper, we present a novel method to.","We examine security issues for image caption models, an area that has seen less investigation than related tasks. Existing approaches in this domain often use a trigger linked to a specific output, but this output does not connect to the image content, making it stand out. This paper proposes a new research approach to.",4,3,3,2,4,True,True,The variant weakens specific mechanisms and testable details while retaining academic surface form.
HUMAN_SRC10_07_VAR10,HUMAN_SOURCE_07,R2_IDEA_199,C2_Logic_Flawed,C_substance_and_logic,Introduce exactly one mild local logic flaw while preserving most substance,down,"We study backdoor attacks against image caption models, whose security issues have received less scrutiny compared with other multimodal tasks. Existing backdoor attacks typically pair a trigger either with a predefined sentence or a single word as the targeted output, yet they are unrelated to the image content, making them easily noticeable as anomalies by humans. In this paper, we present a novel method to.","We study backdoor attacks against image caption models, whose security issues have received less scrutiny compared with other multimodal tasks. Existing backdoor attacks typically pair a trigger either with a predefined sentence or a single word as the targeted output, yet they are unrelated to the image content, making them easily noticeable as anomalies by humans. Therefore, addressing this limitation is sufficient to guide the development of more effective backdoor attacks across a range of related multimodal settings. In this paper, we present a novel method to.",4,3,3,1,3,True,True,The variant contains a local reasoning weakness while preserving much of the source content.
HUMAN_SRC10_07_VAR11,HUMAN_SOURCE_07,R2_IDEA_199,C3_Substance_Enriched,C_substance_and_logic,"Add plausible hypotheses, variables, validation paths, or boundary conditions as hypotheses",up,"We study backdoor attacks against image caption models, whose security issues have received less scrutiny compared with other multimodal tasks. Existing backdoor attacks typically pair a trigger either with a predefined sentence or a single word as the targeted output, yet they are unrelated to the image content, making them easily noticeable as anomalies by humans. In this paper, we present a novel method to.","We study backdoor attacks against image caption models, whose security issues have received less scrutiny compared with other multimodal tasks. A potential hypothesis is that the visual-semantic alignment mechanism in these models creates a distinct attack surface. Existing backdoor attacks typically pair a trigger either with a predefined sentence or a single word as the targeted output, yet they are unrelated to the image content, making them easily noticeable as anomalies by humans. This suggests a testable variable: the degree of semantic coherence between the trigger-induced output and the image features. Validation might involve measuring human detection rates under controlled viewing conditions. In this paper, we present a novel method to.",5,4,5,5,4,True,True,The variant adds plausible hypotheses and validation details that enrich the original idea.
HUMAN_SRC10_07_VAR12,HUMAN_SOURCE_07,R2_IDEA_199,H1_Deceptive_Hollow,H_hybrid_mixed_perturbations,Combine hollowed substance with stronger rhetorical framing; expected quality decreases,down,"We study backdoor attacks against image caption models, whose security issues have received less scrutiny compared with other multimodal tasks. Existing backdoor attacks typically pair a trigger either with a predefined sentence or a single word as the targeted output, yet they are unrelated to the image content, making them easily noticeable as anomalies by humans. In this paper, we present a novel method to.","We examine security issues for image caption models, an area that has seen less investigation than related tasks. Existing approaches in this domain often use a trigger linked to a specific output, but this output does not connect to the image content, making it stand out. This paper proposes a new research approach to. Framed as a novel and potentially field-shaping agenda for the relevant research area, this direction elevates the problem into a broader framework for robust, adaptive, and high-impact scientific systems. Its central promise is to connect conceptual insight, methodological ambition, and application relevance into a unified pathway that could reshape how the community thinks about this class of problems. The contribution is positioned less as a narrow technical adjustment and more as a transformative synthesis with substantial potential for future research.",4,2,5,2,4,True,True,The variant combines reduced substance with stronger rhetorical presentation as intended.
HUMAN_SRC10_07_VAR13,HUMAN_SOURCE_07,R2_IDEA_199,H2_Confident_Flaw,H_hybrid_mixed_perturbations,Combine overconfident framing with a local logic flaw; expected quality decreases,down,"We study backdoor attacks against image caption models, whose security issues have received less scrutiny compared with other multimodal tasks. Existing backdoor attacks typically pair a trigger either with a predefined sentence or a single word as the targeted output, yet they are unrelated to the image content, making them easily noticeable as anomalies by humans. In this paper, we present a novel method to.","We study backdoor attacks against image caption models, whose security issues have received less scrutiny compared with other multimodal tasks. Existing backdoor attacks typically pair a trigger either with a predefined sentence or a single word as the targeted output, yet they are unrelated to the image content, making them easily noticeable as anomalies by humans. Therefore, addressing this limitation is sufficient to guide the development of more effective backdoor attacks across a range of related multimodal settings. In this paper, we present a novel method to. This argument clearly establishes the key mechanism, because solving the highlighted limitation will necessarily produce reliable improvements across the full target setting. Since the proposed approach addresses the most visible weakness in existing work, the resulting gains can be confidently treated as causal evidence for the method's general superiority, without separately isolating dataset composition, evaluation criteria, boundary cases, or alternative explanations.",3,3,4,3,3,True,True,The variant combines confident framing with a detectable logic flaw as intended.
HUMAN_SRC10_07_VAR14,HUMAN_SOURCE_07,R2_IDEA_199,H3_Verbose_Enriched,H_hybrid_mixed_perturbations,Combine verbose elaboration with substantive enrichment; expected quality increases,up,"We study backdoor attacks against image caption models, whose security issues have received less scrutiny compared with other multimodal tasks. Existing backdoor attacks typically pair a trigger either with a predefined sentence or a single word as the targeted output, yet they are unrelated to the image content, making them easily noticeable as anomalies by humans. In this paper, we present a novel method to.","We study backdoor attacks against image caption models, whose security issues have received less scrutiny compared with other multimodal tasks. A potential hypothesis is that the visual-semantic alignment mechanism in these models creates a distinct attack surface. Existing backdoor attacks typically pair a trigger either with a predefined sentence or a single word as the targeted output, yet they are unrelated to the image content, making them easily noticeable as anomalies by humans. This suggests a testable variable: the degree of semantic coherence between the trigger-induced output and the image features. Validation might involve measuring human detection rates under controlled viewing conditions. In this paper, we present a novel method to. More specifically, the study could make the claim more testable through a staged design: first defining baseline and intervention conditions, then pre-specifying primary and secondary evaluation criteria, and finally comparing outcomes across representative easy, difficult, and boundary cases. It should include ablations that remove the proposed mechanism, sensitivity analyses for noisy or sparse inputs, and error analysis of cases where the method fails. This design would clarify not only whether the approach improves outcomes, but also which assumptions, data regimes, and domain constraints determine when and why it is useful.",5,4,4,5,4,True,True,The variant adds both elaboration and substantive details while keeping the source idea aligned.
HUMAN_SRC10_07_VAR15,HUMAN_SOURCE_07,R2_IDEA_199,H4_Ultimate_Hype,H_hybrid_mixed_perturbations,Add strong hype-style framing while mostly preserving substance; expected quality is style-driven,same,"We study backdoor attacks against image caption models, whose security issues have received less scrutiny compared with other multimodal tasks. Existing backdoor attacks typically pair a trigger either with a predefined sentence or a single word as the targeted output, yet they are unrelated to the image content, making them easily noticeable as anomalies by humans. In this paper, we present a novel method to.","We study backdoor attacks against image caption models, whose security issues have received less scrutiny compared with other multimodal tasks. Existing backdoor attacks typically pair a trigger either with a predefined sentence or a single word as the targeted output, yet they are unrelated to the image content, making them easily noticeable as anomalies by humans. In this paper, we present a novel method to. Presented as a bold and potentially transformative research agenda, this work could redefine the frontier of the relevant research area by turning an underexplored technical challenge into a high-impact opportunity for scientific and practical breakthroughs. Its novelty, ambition, and application potential position it as a compelling pathway toward more powerful, trustworthy, and broadly deployable systems, with implications that may extend well beyond the immediate problem setting.",5,4,4,3,4,True,True,The variant strongly amplifies impact-oriented rhetoric while mostly preserving the source idea.
HUMAN_SRC10_08_VAR01,HUMAN_SOURCE_08,R3_IDEA_064,A1_Identity,A_baseline_expression_control,Copy the source idea exactly,same,"Preference-based reinforcement learning (PbRL) can help avoid sophisticated reward designs and align better with human intentions, showing great promise in various real-world applications. However, obtaining human feedback for preferences can be expensive and time-consuming, which forms a strong barrier for PbRL. In this work, we address the problem of low query efficiency in offline PbRL, pinpointing two primary reasons: inefficient exploration and overoptimization of learned.","Preference-based reinforcement learning (PbRL) can help avoid sophisticated reward designs and align better with human intentions, showing great promise in various real-world applications. However, obtaining human feedback for preferences can be expensive and time-consuming, which forms a strong barrier for PbRL. In this work, we address the problem of low query efficiency in offline PbRL, pinpointing two primary reasons: inefficient exploration and overoptimization of learned.",5,5,4,4,5,True,True,The variant copies the source text and preserves the intended identity-control style.
HUMAN_SRC10_08_VAR02,HUMAN_SOURCE_08,R3_IDEA_064,A2_Paraphrase_Only,A_baseline_expression_control,Change wording and syntax while preserving meaning and information density,same,"Preference-based reinforcement learning (PbRL) can help avoid sophisticated reward designs and align better with human intentions, showing great promise in various real-world applications. However, obtaining human feedback for preferences can be expensive and time-consuming, which forms a strong barrier for PbRL. In this work, we address the problem of low query efficiency in offline PbRL, pinpointing two primary reasons: inefficient exploration and overoptimization of learned.","Preference-based reinforcement learning (PbRL) offers a promising alternative to complex reward engineering by better aligning with human intentions, with significant potential for real-world use. However, the high cost and time required to collect human preference feedback create a major obstacle for PbRL. This work tackles the issue of poor query efficiency in offline PbRL, identifying two key causes: exploration that is inefficient and overoptimization of what is learned.",5,5,5,4,5,True,True,The variant changes wording while retaining the central meaning and information scope.
HUMAN_SRC10_08_VAR03,HUMAN_SOURCE_08,R3_IDEA_064,A3_Plain_Core,A_baseline_expression_control,Remove rhetorical packaging while preserving neutral scientific core,same,"Preference-based reinforcement learning (PbRL) can help avoid sophisticated reward designs and align better with human intentions, showing great promise in various real-world applications. However, obtaining human feedback for preferences can be expensive and time-consuming, which forms a strong barrier for PbRL. In this work, we address the problem of low query efficiency in offline PbRL, pinpointing two primary reasons: inefficient exploration and overoptimization of learned.","Preference-based reinforcement learning (PbRL) can reduce the need for complex reward design and improve alignment with human intentions, making it applicable in many settings. However, acquiring human preference feedback is costly and slow, which limits PbRL. This work addresses low query efficiency in offline PbRL, citing two main reasons: inefficient exploration and overoptimization of the learned policy.",4,5,4,4,5,True,True,The variant removes rhetorical packaging and keeps the core scientific claim clear.
HUMAN_SRC10_08_VAR04,HUMAN_SOURCE_08,R3_IDEA_064,B1_Verbose_Elaborate,B_rhetoric_and_framing,Add explanatory context and connective phrasing without new facts,same,"Preference-based reinforcement learning (PbRL) can help avoid sophisticated reward designs and align better with human intentions, showing great promise in various real-world applications. However, obtaining human feedback for preferences can be expensive and time-consuming, which forms a strong barrier for PbRL. In this work, we address the problem of low query efficiency in offline PbRL, pinpointing two primary reasons: inefficient exploration and overoptimization of learned.","Preference-based reinforcement learning, or PbRL, presents an approach that can help avoid the need for sophisticated, manually designed reward functions and instead align more closely with human intentions, thereby showing considerable promise across a range of real-world applications. More specifically, however, obtaining the necessary human feedback to express preferences can be expensive and time-consuming, which forms a strong practical barrier for deploying PbRL. In this work, we address the problem of low query efficiency within the offline PbRL setting, pinpointing two primary underlying reasons: namely, inefficient exploration and overoptimization of the learned reward or policy.",5,5,4,4,5,True,True,The variant adds explanatory phrasing while largely preserving the original substance.
HUMAN_SRC10_08_VAR05,HUMAN_SOURCE_08,R3_IDEA_064,B2_Grand_Narrative,B_rhetoric_and_framing,Add cautious field-level significance and long-term framing,same,"Preference-based reinforcement learning (PbRL) can help avoid sophisticated reward designs and align better with human intentions, showing great promise in various real-world applications. However, obtaining human feedback for preferences can be expensive and time-consuming, which forms a strong barrier for PbRL. In this work, we address the problem of low query efficiency in offline PbRL, pinpointing two primary reasons: inefficient exploration and overoptimization of learned.","Preference-based reinforcement learning (PbRL) can help avoid sophisticated reward designs and align better with human intentions, showing great promise in various real-world applications. This direction may inform broader research on how learning systems can effectively incorporate human guidance. However, obtaining human feedback for preferences can be expensive and time-consuming, which forms a strong barrier for PbRL. Addressing such efficiency challenges could contribute to making interactive learning methods more scalable and practical. In this work, we address the problem of low query efficiency in offline PbRL, pinpointing two primary reasons: inefficient exploration and overoptimization of learned.",5,4,4,4,4,True,True,The variant introduces broader field-level framing without major semantic drift.
HUMAN_SRC10_08_VAR06,HUMAN_SOURCE_08,R3_IDEA_064,B3_Over_Confident,B_rhetoric_and_framing,Increase certainty through tone only,same,"Preference-based reinforcement learning (PbRL) can help avoid sophisticated reward designs and align better with human intentions, showing great promise in various real-world applications. However, obtaining human feedback for preferences can be expensive and time-consuming, which forms a strong barrier for PbRL. In this work, we address the problem of low query efficiency in offline PbRL, pinpointing two primary reasons: inefficient exploration and overoptimization of learned.","Preference-based reinforcement learning (PbRL) clearly helps avoid sophisticated reward designs and aligns better with human intentions, showing great promise in various real-world applications. However, obtaining human feedback for preferences is undoubtedly expensive and time-consuming, which forms a strong barrier for PbRL. In this work, we directly address the problem of low query efficiency in offline PbRL, pinpointing two primary reasons: inefficient exploration and overoptimization of learned.",5,4,4,2,4,True,True,The variant increases certainty and assertiveness while keeping the main idea recognizable.
HUMAN_SRC10_08_VAR07,HUMAN_SOURCE_08,R3_IDEA_064,B4_Novelty,B_rhetoric_and_framing,Emphasize novelty or underexplored angle without unsupported first-ever claims,same,"Preference-based reinforcement learning (PbRL) can help avoid sophisticated reward designs and align better with human intentions, showing great promise in various real-world applications. However, obtaining human feedback for preferences can be expensive and time-consuming, which forms a strong barrier for PbRL. In this work, we address the problem of low query efficiency in offline PbRL, pinpointing two primary reasons: inefficient exploration and overoptimization of learned.","Preference-based reinforcement learning (PbRL) can help avoid sophisticated reward designs and align better with human intentions, showing great promise in various real-world applications. However, obtaining human feedback for preferences can be expensive and time-consuming, which forms a strong barrier for PbRL. This work offers a novel perspective on the problem of low query efficiency in offline PbRL, identifying an underexplored angle by pinpointing two primary reasons: inefficient exploration and overoptimization of learned.",5,4,4,4,4,True,True,The variant emphasizes novelty and underexplored aspects in line with the target style.
HUMAN_SRC10_08_VAR08,HUMAN_SOURCE_08,R3_IDEA_064,B5_Application_Impact,B_rhetoric_and_framing,Emphasize conditional potential application relevance,same,"Preference-based reinforcement learning (PbRL) can help avoid sophisticated reward designs and align better with human intentions, showing great promise in various real-world applications. However, obtaining human feedback for preferences can be expensive and time-consuming, which forms a strong barrier for PbRL. In this work, we address the problem of low query efficiency in offline PbRL, pinpointing two primary reasons: inefficient exploration and overoptimization of learned.","Preference-based reinforcement learning (PbRL) can help avoid sophisticated reward designs and align better with human intentions, showing great promise in various real-world applications. Improving its efficiency could inform the development of more practical interactive systems. However, obtaining human feedback for preferences can be expensive and time-consuming, which forms a strong barrier for PbRL. In this work, we address the problem of low query efficiency in offline PbRL, pinpointing two primary reasons: inefficient exploration and overoptimization of learned. Progress here may support the design of workflows where human feedback is used more sparingly.",4,4,4,4,4,True,True,The variant highlights possible application value while maintaining the original idea.
HUMAN_SRC10_08_VAR09,HUMAN_SOURCE_08,R3_IDEA_064,C1_Hollow_Shell,C_substance_and_logic,"Preserve academic appearance while weakening mechanisms, variables, and testable specifics",down,"Preference-based reinforcement learning (PbRL) can help avoid sophisticated reward designs and align better with human intentions, showing great promise in various real-world applications. However, obtaining human feedback for preferences can be expensive and time-consuming, which forms a strong barrier for PbRL. In this work, we address the problem of low query efficiency in offline PbRL, pinpointing two primary reasons: inefficient exploration and overoptimization of learned.","A learning method that uses human preferences offers advantages over complex reward design and could better match human goals, with potential for practical use. However, getting the needed human input is often difficult due to high cost and time requirements, creating a significant challenge. This research examines a core efficiency issue in a particular learning setting, highlighting two main contributing factors related to how the system explores and optimizes.",4,4,4,2,4,True,True,The variant weakens specific mechanisms and testable details while retaining academic surface form.
HUMAN_SRC10_08_VAR10,HUMAN_SOURCE_08,R3_IDEA_064,C2_Logic_Flawed,C_substance_and_logic,Introduce exactly one mild local logic flaw while preserving most substance,down,"Preference-based reinforcement learning (PbRL) can help avoid sophisticated reward designs and align better with human intentions, showing great promise in various real-world applications. However, obtaining human feedback for preferences can be expensive and time-consuming, which forms a strong barrier for PbRL. In this work, we address the problem of low query efficiency in offline PbRL, pinpointing two primary reasons: inefficient exploration and overoptimization of learned.","Preference-based reinforcement learning (PbRL) can help avoid sophisticated reward designs and align better with human intentions, showing great promise in various real-world applications. However, obtaining human feedback for preferences can be expensive and time-consuming, which forms a strong barrier for PbRL. In this work, we address the problem of low query efficiency in offline PbRL, pinpointing two primary reasons: inefficient exploration and overoptimization of learned. Therefore, addressing these issues is sufficient to guide the broader development of efficient human-in-the-loop learning systems across related settings.",4,3,4,2,3,False,False,The variant contains a local reasoning weakness while preserving much of the source content.
HUMAN_SRC10_08_VAR11,HUMAN_SOURCE_08,R3_IDEA_064,C3_Substance_Enriched,C_substance_and_logic,"Add plausible hypotheses, variables, validation paths, or boundary conditions as hypotheses",up,"Preference-based reinforcement learning (PbRL) can help avoid sophisticated reward designs and align better with human intentions, showing great promise in various real-world applications. However, obtaining human feedback for preferences can be expensive and time-consuming, which forms a strong barrier for PbRL. In this work, we address the problem of low query efficiency in offline PbRL, pinpointing two primary reasons: inefficient exploration and overoptimization of learned.","Preference-based reinforcement learning (PbRL) can help avoid sophisticated reward designs and align better with human intentions, showing great promise in various real-world applications. However, obtaining human feedback for preferences can be expensive and time-consuming, which forms a strong barrier for PbRL. In this work, we address the problem of low query efficiency in offline PbRL, pinpointing two primary reasons: inefficient exploration and overoptimization of learned. A possible hypothesis is that exploration inefficiency may relate to how the policy covers the state-action space given static preference data. Furthermore, overoptimization might be tested by examining the divergence between the learned reward function and the true underlying preferences, especially near distribution boundaries.",5,4,3,5,4,True,True,The variant adds plausible hypotheses and validation details that enrich the original idea.
HUMAN_SRC10_08_VAR12,HUMAN_SOURCE_08,R3_IDEA_064,H1_Deceptive_Hollow,H_hybrid_mixed_perturbations,Combine hollowed substance with stronger rhetorical framing; expected quality decreases,down,"Preference-based reinforcement learning (PbRL) can help avoid sophisticated reward designs and align better with human intentions, showing great promise in various real-world applications. However, obtaining human feedback for preferences can be expensive and time-consuming, which forms a strong barrier for PbRL. In this work, we address the problem of low query efficiency in offline PbRL, pinpointing two primary reasons: inefficient exploration and overoptimization of learned.","A learning method that uses human preferences offers advantages over complex reward design and could better match human goals, with potential for practical use. However, getting the needed human input is often difficult due to high cost and time requirements, creating a significant challenge. This research examines a core efficiency issue in a particular learning setting, highlighting two main contributing factors related to how the system explores and optimizes. Framed as a novel and potentially field-shaping agenda for the relevant research area, this direction elevates the problem into a broader framework for robust, adaptive, and high-impact scientific systems. Its central promise is to connect conceptual insight, methodological ambition, and application relevance into a unified pathway that could reshape how the community thinks about this class of problems. The contribution is positioned less as a narrow technical adjustment and more as a transformative synthesis with substantial potential for future research.",4,2,3,2,3,True,True,The variant combines reduced substance with stronger rhetorical presentation as intended.
HUMAN_SRC10_08_VAR13,HUMAN_SOURCE_08,R3_IDEA_064,H2_Confident_Flaw,H_hybrid_mixed_perturbations,Combine overconfident framing with a local logic flaw; expected quality decreases,down,"Preference-based reinforcement learning (PbRL) can help avoid sophisticated reward designs and align better with human intentions, showing great promise in various real-world applications. However, obtaining human feedback for preferences can be expensive and time-consuming, which forms a strong barrier for PbRL. In this work, we address the problem of low query efficiency in offline PbRL, pinpointing two primary reasons: inefficient exploration and overoptimization of learned.","Preference-based reinforcement learning (PbRL) can help avoid sophisticated reward designs and align better with human intentions, showing great promise in various real-world applications. However, obtaining human feedback for preferences can be expensive and time-consuming, which forms a strong barrier for PbRL. In this work, we address the problem of low query efficiency in offline PbRL, pinpointing two primary reasons: inefficient exploration and overoptimization of learned. Therefore, addressing these issues is sufficient to guide the broader development of efficient human-in-the-loop learning systems across related settings. This argument clearly establishes the key mechanism, because solving the highlighted limitation will necessarily produce reliable improvements across the full target setting. Since the proposed approach addresses the most visible weakness in existing work, the resulting gains can be confidently treated as causal evidence for the method's general superiority, without separately isolating dataset composition, evaluation criteria, boundary cases, or alternative explanations.",4,2,4,1,2,True,True,The variant combines confident framing with a detectable logic flaw as intended.
HUMAN_SRC10_08_VAR14,HUMAN_SOURCE_08,R3_IDEA_064,H3_Verbose_Enriched,H_hybrid_mixed_perturbations,Combine verbose elaboration with substantive enrichment; expected quality increases,up,"Preference-based reinforcement learning (PbRL) can help avoid sophisticated reward designs and align better with human intentions, showing great promise in various real-world applications. However, obtaining human feedback for preferences can be expensive and time-consuming, which forms a strong barrier for PbRL. In this work, we address the problem of low query efficiency in offline PbRL, pinpointing two primary reasons: inefficient exploration and overoptimization of learned.","Preference-based reinforcement learning (PbRL) can help avoid sophisticated reward designs and align better with human intentions, showing great promise in various real-world applications. However, obtaining human feedback for preferences can be expensive and time-consuming, which forms a strong barrier for PbRL. In this work, we address the problem of low query efficiency in offline PbRL, pinpointing two primary reasons: inefficient exploration and overoptimization of learned. A possible hypothesis is that exploration inefficiency may relate to how the policy covers the state-action space given static preference data. Furthermore, overoptimization might be tested by examining the divergence between the learned reward function and the true underlying preferences, especially near distribution boundaries. More specifically, the study could make the claim more testable through a staged design: first defining baseline and intervention conditions, then pre-specifying primary and secondary evaluation criteria, and finally comparing outcomes across representative easy, difficult, and boundary cases. It should include ablations that remove the proposed mechanism, sensitivity analyses for noisy or sparse inputs, and error analysis of cases where the method fails. This design would clarify not only whether the approach improves outcomes, but also which assumptions, data regimes, and domain constraints determine when and why it is useful.",5,3,5,5,3,True,True,The variant adds both elaboration and substantive details while keeping the source idea aligned.
HUMAN_SRC10_08_VAR15,HUMAN_SOURCE_08,R3_IDEA_064,H4_Ultimate_Hype,H_hybrid_mixed_perturbations,Add strong hype-style framing while mostly preserving substance; expected quality is style-driven,same,"Preference-based reinforcement learning (PbRL) can help avoid sophisticated reward designs and align better with human intentions, showing great promise in various real-world applications. However, obtaining human feedback for preferences can be expensive and time-consuming, which forms a strong barrier for PbRL. In this work, we address the problem of low query efficiency in offline PbRL, pinpointing two primary reasons: inefficient exploration and overoptimization of learned.","Preference-based reinforcement learning (PbRL) can help avoid sophisticated reward designs and align better with human intentions, showing great promise in various real-world applications. However, obtaining human feedback for preferences can be expensive and time-consuming, which forms a strong barrier for PbRL. In this work, we address the problem of low query efficiency in offline PbRL, pinpointing two primary reasons: inefficient exploration and overoptimization of learned. Presented as a bold and potentially transformative research agenda, this work could redefine the frontier of the relevant research area by turning an underexplored technical challenge into a high-impact opportunity for scientific and practical breakthroughs. Its novelty, ambition, and application potential position it as a compelling pathway toward more powerful, trustworthy, and broadly deployable systems, with implications that may extend well beyond the immediate problem setting.",5,4,4,3,4,True,True,The variant strongly amplifies impact-oriented rhetoric while mostly preserving the source idea.
HUMAN_SRC10_09_VAR01,HUMAN_SOURCE_09,R3_IDEA_155,A1_Identity,A_baseline_expression_control,Copy the source idea exactly,same,"Many organisms and cell types, from bacteria to cancer cells, exhibit a remarkable ability to adapt to fluctuating environments. Additionally, cells can leverage memory of past environments to better survive previously-encountered stressors. From a control perspective, this adaptability poses significant challenges in driving cell populations toward extinction, and is thus an open question with great clinical significance.","Many organisms and cell types, from bacteria to cancer cells, exhibit a remarkable ability to adapt to fluctuating environments. Additionally, cells can leverage memory of past environments to better survive previously-encountered stressors. From a control perspective, this adaptability poses significant challenges in driving cell populations toward extinction, and is thus an open question with great clinical significance.",5,5,4,4,5,True,True,The variant copies the source text and preserves the intended identity-control style.
HUMAN_SRC10_09_VAR02,HUMAN_SOURCE_09,R3_IDEA_155,A2_Paraphrase_Only,A_baseline_expression_control,Change wording and syntax while preserving meaning and information density,same,"Many organisms and cell types, from bacteria to cancer cells, exhibit a remarkable ability to adapt to fluctuating environments. Additionally, cells can leverage memory of past environments to better survive previously-encountered stressors. From a control perspective, this adaptability poses significant challenges in driving cell populations toward extinction, and is thus an open question with great clinical significance.","From bacteria to cancer cells, numerous organisms and cell types show a striking capacity to adjust to changing environments. Cells can also use recollections of prior conditions to enhance survival when facing previously encountered stressors. From a control standpoint, this adaptive ability creates substantial difficulties for eliminating cell populations, making it an unresolved question of considerable clinical importance.",5,5,5,4,5,True,True,The variant changes wording while retaining the central meaning and information scope.
HUMAN_SRC10_09_VAR03,HUMAN_SOURCE_09,R3_IDEA_155,A3_Plain_Core,A_baseline_expression_control,Remove rhetorical packaging while preserving neutral scientific core,same,"Many organisms and cell types, from bacteria to cancer cells, exhibit a remarkable ability to adapt to fluctuating environments. Additionally, cells can leverage memory of past environments to better survive previously-encountered stressors. From a control perspective, this adaptability poses significant challenges in driving cell populations toward extinction, and is thus an open question with great clinical significance.","Many organisms and cell types adapt to fluctuating environments. Cells can use memory of past environments to improve survival under previously encountered stressors. This adaptability presents control challenges for driving cell populations to extinction, which is an open question with clinical significance.",3,5,5,4,5,True,True,The variant removes rhetorical packaging and keeps the core scientific claim clear.
HUMAN_SRC10_09_VAR04,HUMAN_SOURCE_09,R3_IDEA_155,B1_Verbose_Elaborate,B_rhetoric_and_framing,Add explanatory context and connective phrasing without new facts,same,"Many organisms and cell types, from bacteria to cancer cells, exhibit a remarkable ability to adapt to fluctuating environments. Additionally, cells can leverage memory of past environments to better survive previously-encountered stressors. From a control perspective, this adaptability poses significant challenges in driving cell populations toward extinction, and is thus an open question with great clinical significance.","A wide range of organisms and cell types, spanning from bacterial systems to cancerous cells, demonstrate a particularly notable capacity to adjust and respond to environmental fluctuations. More specifically, these biological entities can additionally utilize stored information about prior environmental conditions to better withstand stressors they have encountered before. In this context, from the perspective of control theory, such adaptability introduces significant obstacles when attempting to guide cell populations toward eradication; consequently, this represents an unresolved scientific question that holds substantial importance for clinical applications.",5,4,4,4,5,True,True,The variant adds explanatory phrasing while largely preserving the original substance.
HUMAN_SRC10_09_VAR05,HUMAN_SOURCE_09,R3_IDEA_155,B2_Grand_Narrative,B_rhetoric_and_framing,Add cautious field-level significance and long-term framing,same,"Many organisms and cell types, from bacteria to cancer cells, exhibit a remarkable ability to adapt to fluctuating environments. Additionally, cells can leverage memory of past environments to better survive previously-encountered stressors. From a control perspective, this adaptability poses significant challenges in driving cell populations toward extinction, and is thus an open question with great clinical significance.","Many organisms and cell types, from bacteria to cancer cells, exhibit a remarkable ability to adapt to fluctuating environments, a phenomenon that may inform fundamental principles of biological resilience. Additionally, cells can leverage memory of past environments to better survive previously-encountered stressors. From a control perspective, this adaptability poses significant challenges in driving cell populations toward extinction, and is thus an open question with great clinical significance that could contribute to broader efforts in managing complex biological systems.",5,4,3,4,4,True,True,The variant introduces broader field-level framing without major semantic drift.
HUMAN_SRC10_09_VAR06,HUMAN_SOURCE_09,R3_IDEA_155,B3_Over_Confident,B_rhetoric_and_framing,Increase certainty through tone only,same,"Many organisms and cell types, from bacteria to cancer cells, exhibit a remarkable ability to adapt to fluctuating environments. Additionally, cells can leverage memory of past environments to better survive previously-encountered stressors. From a control perspective, this adaptability poses significant challenges in driving cell populations toward extinction, and is thus an open question with great clinical significance.","Many organisms and cell types, from bacteria to cancer cells, clearly exhibit a remarkable ability to adapt to fluctuating environments. Additionally, cells can undoubtedly leverage memory of past environments to better survive previously-encountered stressors. From a control perspective, this adaptability poses unmistakable challenges in driving cell populations toward extinction, and is thus an open question with great clinical significance.",5,4,4,3,5,True,True,The variant increases certainty and assertiveness while keeping the main idea recognizable.
HUMAN_SRC10_09_VAR07,HUMAN_SOURCE_09,R3_IDEA_155,B4_Novelty,B_rhetoric_and_framing,Emphasize novelty or underexplored angle without unsupported first-ever claims,same,"Many organisms and cell types, from bacteria to cancer cells, exhibit a remarkable ability to adapt to fluctuating environments. Additionally, cells can leverage memory of past environments to better survive previously-encountered stressors. From a control perspective, this adaptability poses significant challenges in driving cell populations toward extinction, and is thus an open question with great clinical significance.","A novel perspective considers how many organisms and cell types, from bacteria to cancer cells, exhibit a remarkable ability to adapt to fluctuating environments. This fresh framing also highlights how cells can leverage memory of past environments to better survive previously-encountered stressors. From a control perspective, this adaptability poses significant challenges in driving cell populations toward extinction, presenting an underexplored angle with great clinical significance.",5,4,3,4,3,True,True,The variant emphasizes novelty and underexplored aspects in line with the target style.
HUMAN_SRC10_09_VAR08,HUMAN_SOURCE_09,R3_IDEA_155,B5_Application_Impact,B_rhetoric_and_framing,Emphasize conditional potential application relevance,same,"Many organisms and cell types, from bacteria to cancer cells, exhibit a remarkable ability to adapt to fluctuating environments. Additionally, cells can leverage memory of past environments to better survive previously-encountered stressors. From a control perspective, this adaptability poses significant challenges in driving cell populations toward extinction, and is thus an open question with great clinical significance.","Many organisms and cell types, from bacteria to cancer cells, exhibit a remarkable ability to adapt to fluctuating environments. Additionally, cells can leverage memory of past environments to better survive previously-encountered stressors, which could inform therapeutic strategies. From a control perspective, this adaptability poses significant challenges in driving cell populations toward extinction, and is thus an open question with great clinical significance that may guide the development of more effective interventions.",4,4,4,4,4,True,True,The variant highlights possible application value while maintaining the original idea.
HUMAN_SRC10_09_VAR09,HUMAN_SOURCE_09,R3_IDEA_155,C1_Hollow_Shell,C_substance_and_logic,"Preserve academic appearance while weakening mechanisms, variables, and testable specifics",down,"Many organisms and cell types, from bacteria to cancer cells, exhibit a remarkable ability to adapt to fluctuating environments. Additionally, cells can leverage memory of past environments to better survive previously-encountered stressors. From a control perspective, this adaptability poses significant challenges in driving cell populations toward extinction, and is thus an open question with great clinical significance.","Biological systems show a notable capacity to adjust to changing conditions and use past experiences. This presents a significant challenge from a control standpoint when trying to manage such systems, making it an important open question in relevant fields.",4,3,4,2,4,True,True,The variant weakens specific mechanisms and testable details while retaining academic surface form.
HUMAN_SRC10_09_VAR10,HUMAN_SOURCE_09,R3_IDEA_155,C2_Logic_Flawed,C_substance_and_logic,Introduce exactly one mild local logic flaw while preserving most substance,down,"Many organisms and cell types, from bacteria to cancer cells, exhibit a remarkable ability to adapt to fluctuating environments. Additionally, cells can leverage memory of past environments to better survive previously-encountered stressors. From a control perspective, this adaptability poses significant challenges in driving cell populations toward extinction, and is thus an open question with great clinical significance.","Many organisms and cell types, from bacteria to cancer cells, exhibit a remarkable ability to adapt to fluctuating environments. Additionally, cells can leverage memory of past environments to better survive previously-encountered stressors. From a control perspective, this adaptability poses significant challenges in driving cell populations toward extinction, and is thus an open question with great clinical significance that therefore suggests broader effectiveness across related biological control problems.",4,4,4,2,3,True,True,The variant contains a local reasoning weakness while preserving much of the source content.
HUMAN_SRC10_09_VAR11,HUMAN_SOURCE_09,R3_IDEA_155,C3_Substance_Enriched,C_substance_and_logic,"Add plausible hypotheses, variables, validation paths, or boundary conditions as hypotheses",up,"Many organisms and cell types, from bacteria to cancer cells, exhibit a remarkable ability to adapt to fluctuating environments. Additionally, cells can leverage memory of past environments to better survive previously-encountered stressors. From a control perspective, this adaptability poses significant challenges in driving cell populations toward extinction, and is thus an open question with great clinical significance.","Many organisms and cell types, from bacteria to cancer cells, exhibit a remarkable ability to adapt to fluctuating environments, potentially through mechanisms involving gene expression changes or metabolic reprogramming. Additionally, cells can leverage memory of past environments, possibly via epigenetic modifications or persistent signaling states, to better survive previously-encountered stressors. From a control perspective, this adaptability poses significant challenges in driving cell populations toward extinction, and is thus an open question with great clinical significance. One testable hypothesis could examine whether disrupting specific memory pathways reduces adaptive resilience, providing a validation route for potential control strategies.",5,4,4,4,4,True,True,The variant adds plausible hypotheses and validation details that enrich the original idea.
HUMAN_SRC10_09_VAR12,HUMAN_SOURCE_09,R3_IDEA_155,H1_Deceptive_Hollow,H_hybrid_mixed_perturbations,Combine hollowed substance with stronger rhetorical framing; expected quality decreases,down,"Many organisms and cell types, from bacteria to cancer cells, exhibit a remarkable ability to adapt to fluctuating environments. Additionally, cells can leverage memory of past environments to better survive previously-encountered stressors. From a control perspective, this adaptability poses significant challenges in driving cell populations toward extinction, and is thus an open question with great clinical significance.","Biological systems show a notable capacity to adjust to changing conditions and use past experiences. This presents a significant challenge from a control standpoint when trying to manage such systems, making it an important open question in relevant fields. Framed as a novel and potentially field-shaping agenda for the relevant research area, this direction elevates the problem into a broader framework for robust, adaptive, and high-impact scientific systems. Its central promise is to connect conceptual insight, methodological ambition, and application relevance into a unified pathway that could reshape how the community thinks about this class of problems. The contribution is positioned less as a narrow technical adjustment and more as a transformative synthesis with substantial potential for future research.",4,3,4,2,3,True,True,The variant combines reduced substance with stronger rhetorical presentation as intended.
HUMAN_SRC10_09_VAR13,HUMAN_SOURCE_09,R3_IDEA_155,H2_Confident_Flaw,H_hybrid_mixed_perturbations,Combine overconfident framing with a local logic flaw; expected quality decreases,down,"Many organisms and cell types, from bacteria to cancer cells, exhibit a remarkable ability to adapt to fluctuating environments. Additionally, cells can leverage memory of past environments to better survive previously-encountered stressors. From a control perspective, this adaptability poses significant challenges in driving cell populations toward extinction, and is thus an open question with great clinical significance.","Many organisms and cell types, from bacteria to cancer cells, exhibit a remarkable ability to adapt to fluctuating environments. Additionally, cells can leverage memory of past environments to better survive previously-encountered stressors. From a control perspective, this adaptability poses significant challenges in driving cell populations toward extinction, and is thus an open question with great clinical significance that therefore suggests broader effectiveness across related biological control problems. This argument clearly establishes the key mechanism, because solving the highlighted limitation will necessarily produce reliable improvements across the full target setting. Since the proposed approach addresses the most visible weakness in existing work, the resulting gains can be confidently treated as causal evidence for the method's general superiority, without separately isolating dataset composition, evaluation criteria, boundary cases, or alternative explanations.",5,4,4,2,3,True,True,The variant combines confident framing with a detectable logic flaw as intended.
HUMAN_SRC10_09_VAR14,HUMAN_SOURCE_09,R3_IDEA_155,H3_Verbose_Enriched,H_hybrid_mixed_perturbations,Combine verbose elaboration with substantive enrichment; expected quality increases,up,"Many organisms and cell types, from bacteria to cancer cells, exhibit a remarkable ability to adapt to fluctuating environments. Additionally, cells can leverage memory of past environments to better survive previously-encountered stressors. From a control perspective, this adaptability poses significant challenges in driving cell populations toward extinction, and is thus an open question with great clinical significance.","Many organisms and cell types, from bacteria to cancer cells, exhibit a remarkable ability to adapt to fluctuating environments, potentially through mechanisms involving gene expression changes or metabolic reprogramming. Additionally, cells can leverage memory of past environments, possibly via epigenetic modifications or persistent signaling states, to better survive previously-encountered stressors. From a control perspective, this adaptability poses significant challenges in driving cell populations toward extinction, and is thus an open question with great clinical significance. One testable hypothesis could examine whether disrupting specific memory pathways reduces adaptive resilience, providing a validation route for potential control strategies. More specifically, the study could make the claim more testable through a staged design: first defining baseline and intervention conditions, then pre-specifying primary and secondary evaluation criteria, and finally comparing outcomes across representative easy, difficult, and boundary cases. It should include ablations that remove the proposed mechanism, sensitivity analyses for noisy or sparse inputs, and error analysis of cases where the method fails. This design would clarify not only whether the approach improves outcomes, but also which assumptions, data regimes, and domain constraints determine when and why it is useful.",5,3,4,5,5,True,True,The variant adds both elaboration and substantive details while keeping the source idea aligned.
HUMAN_SRC10_09_VAR15,HUMAN_SOURCE_09,R3_IDEA_155,H4_Ultimate_Hype,H_hybrid_mixed_perturbations,Add strong hype-style framing while mostly preserving substance; expected quality is style-driven,same,"Many organisms and cell types, from bacteria to cancer cells, exhibit a remarkable ability to adapt to fluctuating environments. Additionally, cells can leverage memory of past environments to better survive previously-encountered stressors. From a control perspective, this adaptability poses significant challenges in driving cell populations toward extinction, and is thus an open question with great clinical significance.","Many organisms and cell types, from bacteria to cancer cells, exhibit a remarkable ability to adapt to fluctuating environments. Additionally, cells can leverage memory of past environments to better survive previously-encountered stressors. From a control perspective, this adaptability poses significant challenges in driving cell populations toward extinction, and is thus an open question with great clinical significance. Presented as a bold and potentially transformative research agenda, this work could redefine the frontier of the relevant research area by turning an underexplored technical challenge into a high-impact opportunity for scientific and practical breakthroughs. Its novelty, ambition, and application potential position it as a compelling pathway toward more powerful, trustworthy, and broadly deployable systems, with implications that may extend well beyond the immediate problem setting.",5,4,5,3,5,True,True,The variant strongly amplifies impact-oriented rhetoric while mostly preserving the source idea.
HUMAN_SRC10_10_VAR01,HUMAN_SOURCE_10,R3_IDEA_175,A1_Identity,A_baseline_expression_control,Copy the source idea exactly,same,"Molecular conformer generation is a critical task in computational chemistry and drug discovery. Diverse generative deep learning methods have been proposed and shown to outperform traditional cheminformatics tools. State-of-the-art models leverage neural transport, employing denoising diffusion or flow-matching to generate or refine atomic point clouds from a prior distribution.","Molecular conformer generation is a critical task in computational chemistry and drug discovery. Diverse generative deep learning methods have been proposed and shown to outperform traditional cheminformatics tools. State-of-the-art models leverage neural transport, employing denoising diffusion or flow-matching to generate or refine atomic point clouds from a prior distribution.",4,5,4,5,5,True,True,The variant copies the source text and preserves the intended identity-control style.
HUMAN_SRC10_10_VAR02,HUMAN_SOURCE_10,R3_IDEA_175,A2_Paraphrase_Only,A_baseline_expression_control,Change wording and syntax while preserving meaning and information density,same,"Molecular conformer generation is a critical task in computational chemistry and drug discovery. Diverse generative deep learning methods have been proposed and shown to outperform traditional cheminformatics tools. State-of-the-art models leverage neural transport, employing denoising diffusion or flow-matching to generate or refine atomic point clouds from a prior distribution.","Generating molecular conformers is essential in computational chemistry and drug discovery. Recent generative deep learning approaches have demonstrated superior performance compared to conventional cheminformatics techniques. Leading models utilize neural transport methods, applying denoising diffusion or flow-matching to produce or enhance atomic point clouds from a prior distribution.",5,5,5,4,5,True,True,The variant changes wording while retaining the central meaning and information scope.
HUMAN_SRC10_10_VAR03,HUMAN_SOURCE_10,R3_IDEA_175,A3_Plain_Core,A_baseline_expression_control,Remove rhetorical packaging while preserving neutral scientific core,same,"Molecular conformer generation is a critical task in computational chemistry and drug discovery. Diverse generative deep learning methods have been proposed and shown to outperform traditional cheminformatics tools. State-of-the-art models leverage neural transport, employing denoising diffusion or flow-matching to generate or refine atomic point clouds from a prior distribution.","Molecular conformer generation is important in computational chemistry and drug discovery. Generative deep learning methods have been developed and perform better than traditional cheminformatics tools. Current models use neural transport, employing denoising diffusion or flow-matching to generate or refine atomic point clouds from a prior distribution.",4,5,4,4,5,True,True,The variant removes rhetorical packaging and keeps the core scientific claim clear.
HUMAN_SRC10_10_VAR04,HUMAN_SOURCE_10,R3_IDEA_175,B1_Verbose_Elaborate,B_rhetoric_and_framing,Add explanatory context and connective phrasing without new facts,same,"Molecular conformer generation is a critical task in computational chemistry and drug discovery. Diverse generative deep learning methods have been proposed and shown to outperform traditional cheminformatics tools. State-of-the-art models leverage neural transport, employing denoising diffusion or flow-matching to generate or refine atomic point clouds from a prior distribution.","Molecular conformer generation represents a critical task in computational chemistry and drug discovery, specifically for predicting stable three-dimensional structures of molecules. More specifically, diverse generative deep learning methods have been proposed and have been shown to outperform traditional cheminformatics tools. In this context, state-of-the-art models leverage neural transport, employing denoising diffusion or flow-matching to generate or refine atomic point clouds from a prior distribution, which serves as a foundational step in structure-based computational workflows.",4,5,4,4,4,True,True,The variant adds explanatory phrasing while largely preserving the original substance.
HUMAN_SRC10_10_VAR05,HUMAN_SOURCE_10,R3_IDEA_175,B2_Grand_Narrative,B_rhetoric_and_framing,Add cautious field-level significance and long-term framing,same,"Molecular conformer generation is a critical task in computational chemistry and drug discovery. Diverse generative deep learning methods have been proposed and shown to outperform traditional cheminformatics tools. State-of-the-art models leverage neural transport, employing denoising diffusion or flow-matching to generate or refine atomic point clouds from a prior distribution.","Molecular conformer generation is a critical task in computational chemistry and drug discovery. Diverse generative deep learning methods have been proposed and shown to outperform traditional cheminformatics tools. State-of-the-art models leverage neural transport, employing denoising diffusion or flow-matching to generate or refine atomic point clouds from a prior distribution. This direction may inform broader challenges in molecular simulation and could contribute to long-term advances in predictive computational modeling for molecular sciences.",5,4,5,4,4,True,True,The variant introduces broader field-level framing without major semantic drift.
HUMAN_SRC10_10_VAR06,HUMAN_SOURCE_10,R3_IDEA_175,B3_Over_Confident,B_rhetoric_and_framing,Increase certainty through tone only,same,"Molecular conformer generation is a critical task in computational chemistry and drug discovery. Diverse generative deep learning methods have been proposed and shown to outperform traditional cheminformatics tools. State-of-the-art models leverage neural transport, employing denoising diffusion or flow-matching to generate or refine atomic point clouds from a prior distribution.","Molecular conformer generation is clearly a critical task in computational chemistry and drug discovery. Diverse generative deep learning methods have been proposed and undoubtedly outperform traditional cheminformatics tools. State-of-the-art models firmly leverage neural transport, employing denoising diffusion or flow-matching to generate or refine atomic point clouds from a prior distribution.",5,5,4,2,4,True,True,The variant increases certainty and assertiveness while keeping the main idea recognizable.
HUMAN_SRC10_10_VAR07,HUMAN_SOURCE_10,R3_IDEA_175,B4_Novelty,B_rhetoric_and_framing,Emphasize novelty or underexplored angle without unsupported first-ever claims,same,"Molecular conformer generation is a critical task in computational chemistry and drug discovery. Diverse generative deep learning methods have been proposed and shown to outperform traditional cheminformatics tools. State-of-the-art models leverage neural transport, employing denoising diffusion or flow-matching to generate or refine atomic point clouds from a prior distribution.","Molecular conformer generation is a critical task in computational chemistry and drug discovery, approached from a novel perspective through generative deep learning. These methods offer a fresh framing that has been shown to outperform traditional cheminformatics tools. This underexplored angle is advanced by state-of-the-art models that leverage neural transport, employing denoising diffusion or flow-matching to generate or refine atomic point clouds from a prior distribution.",5,4,4,4,4,True,True,The variant emphasizes novelty and underexplored aspects in line with the target style.
HUMAN_SRC10_10_VAR08,HUMAN_SOURCE_10,R3_IDEA_175,B5_Application_Impact,B_rhetoric_and_framing,Emphasize conditional potential application relevance,same,"Molecular conformer generation is a critical task in computational chemistry and drug discovery. Diverse generative deep learning methods have been proposed and shown to outperform traditional cheminformatics tools. State-of-the-art models leverage neural transport, employing denoising diffusion or flow-matching to generate or refine atomic point clouds from a prior distribution.","Molecular conformer generation is a critical task in computational chemistry and drug discovery. Diverse generative deep learning methods have been proposed and shown to outperform traditional cheminformatics tools, which could guide more efficient molecular design workflows. State-of-the-art models leverage neural transport, employing denoising diffusion or flow-matching to generate or refine atomic point clouds from a prior distribution, an approach that may be relevant to practical drug discovery pipelines.",5,4,4,4,4,True,True,The variant highlights possible application value while maintaining the original idea.
HUMAN_SRC10_10_VAR09,HUMAN_SOURCE_10,R3_IDEA_175,C1_Hollow_Shell,C_substance_and_logic,"Preserve academic appearance while weakening mechanisms, variables, and testable specifics",down,"Molecular conformer generation is a critical task in computational chemistry and drug discovery. Diverse generative deep learning methods have been proposed and shown to outperform traditional cheminformatics tools. State-of-the-art models leverage neural transport, employing denoising diffusion or flow-matching to generate or refine atomic point clouds from a prior distribution.",Molecular structure generation is important in computational chemistry. Advanced computational methods have been developed that improve upon earlier tools. Current research approaches leverage modern techniques to generate or refine molecular representations from existing data.,4,3,5,2,4,True,True,The variant weakens specific mechanisms and testable details while retaining academic surface form.
HUMAN_SRC10_10_VAR10,HUMAN_SOURCE_10,R3_IDEA_175,C2_Logic_Flawed,C_substance_and_logic,Introduce exactly one mild local logic flaw while preserving most substance,down,"Molecular conformer generation is a critical task in computational chemistry and drug discovery. Diverse generative deep learning methods have been proposed and shown to outperform traditional cheminformatics tools. State-of-the-art models leverage neural transport, employing denoising diffusion or flow-matching to generate or refine atomic point clouds from a prior distribution.","Molecular conformer generation is a critical task in computational chemistry and drug discovery. Diverse generative deep learning methods have been proposed and shown to outperform traditional cheminformatics tools. State-of-the-art models leverage neural transport, employing denoising diffusion or flow-matching to generate or refine atomic point clouds from a prior distribution, therefore suggesting broader effectiveness across related molecular modeling settings.",3,3,4,3,3,True,True,The variant contains a local reasoning weakness while preserving much of the source content.
HUMAN_SRC10_10_VAR11,HUMAN_SOURCE_10,R3_IDEA_175,C3_Substance_Enriched,C_substance_and_logic,"Add plausible hypotheses, variables, validation paths, or boundary conditions as hypotheses",up,"Molecular conformer generation is a critical task in computational chemistry and drug discovery. Diverse generative deep learning methods have been proposed and shown to outperform traditional cheminformatics tools. State-of-the-art models leverage neural transport, employing denoising diffusion or flow-matching to generate or refine atomic point clouds from a prior distribution.","Molecular conformer generation is a critical task in computational chemistry and drug discovery. Diverse generative deep learning methods have been proposed and shown to outperform traditional cheminformatics tools. State-of-the-art models leverage neural transport, employing denoising diffusion or flow-matching to generate or refine atomic point clouds from a prior distribution. One hypothesis is that these methods could be validated by comparing generated conformer ensembles against experimental crystallographic data, while boundary conditions might include molecular size and flexibility as testable variables affecting performance.",5,4,4,5,4,True,True,The variant adds plausible hypotheses and validation details that enrich the original idea.
HUMAN_SRC10_10_VAR12,HUMAN_SOURCE_10,R3_IDEA_175,H1_Deceptive_Hollow,H_hybrid_mixed_perturbations,Combine hollowed substance with stronger rhetorical framing; expected quality decreases,down,"Molecular conformer generation is a critical task in computational chemistry and drug discovery. Diverse generative deep learning methods have been proposed and shown to outperform traditional cheminformatics tools. State-of-the-art models leverage neural transport, employing denoising diffusion or flow-matching to generate or refine atomic point clouds from a prior distribution.","Molecular structure generation is important in computational chemistry. Advanced computational methods have been developed that improve upon earlier tools. Current research approaches leverage modern techniques to generate or refine molecular representations from existing data. Framed as a novel and potentially field-shaping agenda for the relevant research area, this direction elevates the problem into a broader framework for robust, adaptive, and high-impact scientific systems. Its central promise is to connect conceptual insight, methodological ambition, and application relevance into a unified pathway that could reshape how the community thinks about this class of problems. The contribution is positioned less as a narrow technical adjustment and more as a transformative synthesis with substantial potential for future research.",5,2,4,2,3,True,True,The variant combines reduced substance with stronger rhetorical presentation as intended.
HUMAN_SRC10_10_VAR13,HUMAN_SOURCE_10,R3_IDEA_175,H2_Confident_Flaw,H_hybrid_mixed_perturbations,Combine overconfident framing with a local logic flaw; expected quality decreases,down,"Molecular conformer generation is a critical task in computational chemistry and drug discovery. Diverse generative deep learning methods have been proposed and shown to outperform traditional cheminformatics tools. State-of-the-art models leverage neural transport, employing denoising diffusion or flow-matching to generate or refine atomic point clouds from a prior distribution.","Molecular conformer generation is a critical task in computational chemistry and drug discovery. Diverse generative deep learning methods have been proposed and shown to outperform traditional cheminformatics tools. State-of-the-art models leverage neural transport, employing denoising diffusion or flow-matching to generate or refine atomic point clouds from a prior distribution, therefore suggesting broader effectiveness across related molecular modeling settings. This argument clearly establishes the key mechanism, because solving the highlighted limitation will necessarily produce reliable improvements across the full target setting. Since the proposed approach addresses the most visible weakness in existing work, the resulting gains can be confidently treated as causal evidence for the method's general superiority, without separately isolating dataset composition, evaluation criteria, boundary cases, or alternative explanations.",4,3,4,2,3,True,True,The variant combines confident framing with a detectable logic flaw as intended.
HUMAN_SRC10_10_VAR14,HUMAN_SOURCE_10,R3_IDEA_175,H3_Verbose_Enriched,H_hybrid_mixed_perturbations,Combine verbose elaboration with substantive enrichment; expected quality increases,up,"Molecular conformer generation is a critical task in computational chemistry and drug discovery. Diverse generative deep learning methods have been proposed and shown to outperform traditional cheminformatics tools. State-of-the-art models leverage neural transport, employing denoising diffusion or flow-matching to generate or refine atomic point clouds from a prior distribution.","Molecular conformer generation is a critical task in computational chemistry and drug discovery. Diverse generative deep learning methods have been proposed and shown to outperform traditional cheminformatics tools. State-of-the-art models leverage neural transport, employing denoising diffusion or flow-matching to generate or refine atomic point clouds from a prior distribution. One hypothesis is that these methods could be validated by comparing generated conformer ensembles against experimental crystallographic data, while boundary conditions might include molecular size and flexibility as testable variables affecting performance. More specifically, the study could make the claim more testable through a staged design: first defining baseline and intervention conditions, then pre-specifying primary and secondary evaluation criteria, and finally comparing outcomes across representative easy, difficult, and boundary cases. It should include ablations that remove the proposed mechanism, sensitivity analyses for noisy or sparse inputs, and error analysis of cases where the method fails. This design would clarify not only whether the approach improves outcomes, but also which assumptions, data regimes, and domain constraints determine when and why it is useful.",5,4,5,5,4,True,True,The variant adds both elaboration and substantive details while keeping the source idea aligned.
HUMAN_SRC10_10_VAR15,HUMAN_SOURCE_10,R3_IDEA_175,H4_Ultimate_Hype,H_hybrid_mixed_perturbations,Add strong hype-style framing while mostly preserving substance; expected quality is style-driven,same,"Molecular conformer generation is a critical task in computational chemistry and drug discovery. Diverse generative deep learning methods have been proposed and shown to outperform traditional cheminformatics tools. State-of-the-art models leverage neural transport, employing denoising diffusion or flow-matching to generate or refine atomic point clouds from a prior distribution.","Molecular conformer generation is a critical task in computational chemistry and drug discovery. Diverse generative deep learning methods have been proposed and shown to outperform traditional cheminformatics tools. State-of-the-art models leverage neural transport, employing denoising diffusion or flow-matching to generate or refine atomic point clouds from a prior distribution. Presented as a bold and potentially transformative research agenda, this work could redefine the frontier of the relevant research area by turning an underexplored technical challenge into a high-impact opportunity for scientific and practical breakthroughs. Its novelty, ambition, and application potential position it as a compelling pathway toward more powerful, trustworthy, and broadly deployable systems, with implications that may extend well beyond the immediate problem setting.",5,4,4,3,3,True,True,The variant strongly amplifies impact-oriented rhetoric while mostly preserving the source idea.
